Date,League,HomeTeam,AwayTeam,Over25,Over45,BTTS,ExpCorners,CornersOver105,CornersSampleN
2026-10-10T16:30:00.000Z,Bundesliga,RB Leipzig,Eintracht Frankfurt,78,40,75,11.1,55,4
2026-10-10T16:00:00.000Z,Swiss Super League,FC Zürich,FC Thun,76,37,75,9.87,40,7
2026-10-10T14:30:00.000Z,Eredivisie,Go Ahead Eagles,Sparta Rotterdam,79,41,74,12.28,68,7
2026-10-10T14:00:00.000Z,Championship,Middlesbrough,Wolverhampton,74,35,73,11.26,57,7
2026-10-10T14:00:00.000Z,Premier League,Chelsea,Bournemouth,73,33,72,10.51,48,5
2026-10-10T13:30:00.000Z,Bundesliga,1. FSV Mainz 05,Bayer 04 Leverkusen,73,33,72,11.2,56,4
2026-10-10T23:30:00.000Z,MLS,Orlando City SC,Columbus Crew,72,32,72,9.02,30,7
2026-10-10T13:30:00.000Z,Bundesliga,1. FC Union Berlin,SV 07 Elversberg,84,50,71,10.06,42,4
2026-10-10T19:00:00.000Z,LaLiga,Real Madrid,Villarreal,75,35,70,10.92,53,7
2026-10-11T14:30:00.000Z,Swiss Super League,FC Vaduz,Basel,86,52,83,9.67,38,7
2026-10-11T12:00:00.000Z,Swiss Super League,Grasshopper Club Zürich,Young Boys,90,62,82,12.02,65,7
2026-10-11T13:30:00.000Z,Bundesliga,1. FC Köln,Borussia M'gladbach,83,48,79,12.95,74,4
2026-10-11T00:30:00.000Z,MLS,Sporting Kansas City,Portland Timbers,80,42,77,11.0,54,7
2026-10-11T10:15:00.000Z,Eredivisie,FC Utrecht,Willem II Tilburg,77,39,75,9.92,41,7
2026-10-11T15:00:00.000Z,Eliteserien,Aalesunds FK,Sarpsborg 08,76,37,75,13.99,82,7
2026-10-11T23:00:00.000Z,MLS,St.Louis City,LA Galaxy,82,46,74,10.04,42,7
2026-10-12T17:00:00.000Z,Eliteserien,KFUM Oslo,Vålerenga IF,73,33,70,11.97,65,7
2026-10-12T17:00:00.000Z,Danish Superliga,AGF,Sønderjyske Fodbold,70,29,70,9.85,40,7
