Type,Date,League,Team,HomeAway,Opponent,Value,Games
Hot Form (avg),2026-09-30T23:30:00.000Z,MLS,St.Louis City,Away,New York Red Bulls,3.0,3/3/2/4/3
Hot Form (avg),2026-10-02T01:30:00.000Z,MLS,Sporting Kansas City,Away,Seattle Sounders FC,2.2,0/3/3/3/2
Hot Form (avg),2026-10-07T00:30:00.000Z,MLS,Vancouver Whitecaps,Away,Chicago Fire,2.2,1/3/1/3/3
Hot Form (avg),2026-10-09T15:00:00.000Z,Eredivisie,PSV Eindhoven,Home,SC Heerenveen,4.0,5/6/3/4/2
Hot Form (avg),2026-10-09T19:00:00.000Z,Championship,West Ham United,Home,Queens Park Rangers,3.6,4/3/3/6/2
Hot Form (avg),2026-10-09T17:00:00.000Z,Eliteserien,Viking FK,Away,SK Brann,3.0,1/2/1/8/3
Hot Form (avg),2026-10-09T19:15:00.000Z,Liga Portugal Betclic,Sporting,Away,Sporting Braga,2.4,3/4/2/1/2
Hot Form (avg),2026-10-10T16:45:00.000Z,Eredivisie,Feyenoord,Home,AZ Alkmaar,4.4,5/2/3/7/5
Hot Form (avg),2026-10-10T23:30:00.000Z,MLS,Philadelphia Union,Home,Real Salt Lake,4.0,2/5/5/4/4
Hot Form (avg),2026-10-10T19:00:00.000Z,Eredivisie,AFC Ajax,Home,NEC Nijmegen,3.4,4/1/5/5/2
Hot Form (avg),2026-10-10T14:00:00.000Z,Premier League,Brighton & Hove Albion,Away,Sunderland,3.2,4/3/1/5/3
Hot Form (avg),2026-10-10T16:00:00.000Z,Eliteserien,Rosenborg BK,Home,Sandefjord Fotball,3.2,2/2/4/5/3
Hot Form (avg),2026-10-10T18:30:00.000Z,Swiss Super League,FC Lugano,Home,FC Luzern,2.8,1/3/2/4/4
Hot Form (avg),2026-10-10T17:00:00.000Z,Liga Portugal Betclic,FC Porto,Away,Marítimo,2.8,2/3/2/4/3
Hot Form (avg),2026-10-10T16:00:00.000Z,Swiss Super League,FC Sion,Away,Servette FC,2.8,2/3/3/5/1
Hot Form (avg),2026-10-10T18:30:00.000Z,Swiss Super League,FC Luzern,Away,FC Lugano,2.6,1/2/3/2/5
Hot Form (avg),2026-10-10T14:00:00.000Z,Eliteserien,Bodø/Glimt,Home,Kristiansund BK,2.4,2/4/2/3/1
Hot Form (avg),2026-10-10T19:00:00.000Z,LaLiga,Real Madrid,Home,Villarreal,2.4,4/0/4/3/1
Hot Form (avg),2026-10-10T16:45:00.000Z,Eredivisie,AZ Alkmaar,Away,Feyenoord,2.4,2/5/3/1/1
Hot Form (avg),2026-10-10T18:00:00.000Z,Eredivisie,FC Twente,Away,Fortuna Sittard,2.4,4/2/1/2/3
Hot Form (avg),2026-10-10T23:30:00.000Z,MLS,Orlando City SC,Home,Columbus Crew,2.2,1/3/3/2/2
Hot Form (avg),2026-10-10T11:30:00.000Z,Championship,Norwich City,Away,Swansea City,2.2,0/3/2/3/3
Hot Form (avg),2026-10-10T14:30:00.000Z,Eredivisie,Go Ahead Eagles,Home,Sparta Rotterdam,2.0,3/2/3/1/1
Hot Form (avg),2026-10-10T16:00:00.000Z,Swiss Super League,FC Zürich,Home,FC Thun,2.0,3/2/2/2/1
Hot Form (avg),2026-10-10T14:00:00.000Z,Championship,Middlesbrough,Home,Wolverhampton,2.0,1/1/4/2/2
Hot Form (avg),2026-10-10T14:00:00.000Z,Championship,Wolverhampton,Away,Middlesbrough,2.0,4/2/2/1/1
Hot Form (avg),2026-10-10T14:00:00.000Z,Premier League,Chelsea,Home,Bournemouth,2.0,3/4/1/2/0
Hot Form (avg),2026-10-10T14:00:00.000Z,Championship,Stoke City,Away,Bolton Wanderers,2.0,1/4/1/2/2
Hot Form (avg),2026-10-10T14:00:00.000Z,Premier League,Brentford,Away,Aston Villa,2.0,3/1/1/2/3
Real Streak (consecutive),2026-09-30T23:30:00.000Z,MLS,St.Louis City,Away,New York Red Bulls,6,2/3/3/2/4/3
Real Streak (consecutive),2026-10-02T01:30:00.000Z,MLS,Sporting Kansas City,Away,Seattle Sounders FC,4,3/3/3/2
Real Streak (consecutive),2026-10-02T01:30:00.000Z,MLS,Seattle Sounders FC,Home,Sporting Kansas City,3,3/2/3
Real Streak (consecutive),2026-10-09T15:00:00.000Z,Eredivisie,PSV Eindhoven,Home,SC Heerenveen,7,2/2/5/6/3/4/2
Real Streak (consecutive),2026-10-09T19:00:00.000Z,Championship,West Ham United,Home,Queens Park Rangers,5,4/3/3/6/2
Real Streak (consecutive),2026-10-10T17:00:00.000Z,Liga Portugal Betclic,FC Porto,Away,Marítimo,7,2/2/2/3/2/4/3
Real Streak (consecutive),2026-10-10T16:00:00.000Z,Eliteserien,Rosenborg BK,Home,Sandefjord Fotball,7,2/2/2/2/4/5/3
Real Streak (consecutive),2026-10-10T23:30:00.000Z,MLS,Philadelphia Union,Home,Real Salt Lake,6,3/2/5/5/4/4
Real Streak (consecutive),2026-10-10T16:45:00.000Z,Eredivisie,Feyenoord,Home,AZ Alkmaar,6,2/5/2/3/7/5
Real Streak (consecutive),2026-10-10T13:30:00.000Z,Bundesliga,FC Augsburg,Home,FC Bayern München,4,3/4/2/2
Real Streak (consecutive),2026-10-10T13:30:00.000Z,Bundesliga,Bayer 04 Leverkusen,Away,1. FSV Mainz 05,4,2/4/2/2
Real Streak (consecutive),2026-10-10T23:30:00.000Z,MLS,Orlando City SC,Home,Columbus Crew,4,3/3/2/2
Real Streak (consecutive),2026-10-10T18:30:00.000Z,Swiss Super League,FC Lugano,Home,FC Luzern,4,3/2/4/4
Real Streak (consecutive),2026-10-10T18:30:00.000Z,Swiss Super League,FC Luzern,Away,FC Lugano,4,2/3/2/5
Real Streak (consecutive),2026-10-10T11:30:00.000Z,Championship,Norwich City,Away,Swansea City,4,3/2/3/3
Real Streak (consecutive),2026-10-10T19:00:00.000Z,Eredivisie,AFC Ajax,Home,NEC Nijmegen,3,5/5/2
Real Streak (consecutive),2026-10-10T14:00:00.000Z,Championship,Middlesbrough,Home,Wolverhampton,3,4/2/2
Real Streak (consecutive),2026-10-10T23:30:00.000Z,MLS,Seattle Sounders FC,Away,New England Revolution,3,3/2/3
