Date,League,HomeTeam,AwayTeam,Over25,Over45,BTTS,AwayToScore,HomeOver15,ExpCorners,CornersOver105,CornersSampleN
2026-10-09T17:00:00.000Z,Eliteserien,SK Brann,Viking FK,66,26,59,90,29,15.34,90,7
2026-10-09T19:15:00.000Z,Liga Portugal Betclic,Sporting Braga,Sporting,50,13,53,79,30,6.73,8,6
2026-10-09T19:00:00.000Z,LaLiga,Málaga,Espanyol,41,8,41,79,17,7.67,15,7
2026-10-09T18:00:00.000Z,Eredivisie,PSV Eindhoven,SC Heerenveen,71,31,67,75,67,10.44,47,7
2026-10-10T13:30:00.000Z,Bundesliga,1. FC Union Berlin,SV 07 Elversberg,84,50,71,96,38,10.03,42,4
2026-10-10T14:00:00.000Z,Premier League,Sunderland,Brighton & Hove Albion,79,42,62,96,28,8.82,27,5
2026-10-10T17:00:00.000Z,Liga Portugal Betclic,Marítimo,FC Porto,63,23,43,93,13,8.72,26,7
2026-10-10T13:30:00.000Z,Bundesliga,FC Augsburg,FC Bayern München,74,34,69,92,40,12.53,71,4
2026-10-10T14:30:00.000Z,Liga Portugal Betclic,Casa Pia,Santa Clara,49,13,31,89,7,9.39,34,7
2026-10-10T16:00:00.000Z,Swiss Super League,FC Zürich,FC Thun,76,37,75,88,56,9.97,41,7
2026-10-10T18:00:00.000Z,Eredivisie,Fortuna Sittard,FC Twente,66,25,63,88,35,11.55,60,7
2026-10-10T14:00:00.000Z,Premier League,Aston Villa,Brentford,54,16,46,88,17,8.27,21,5
2026-10-10T14:00:00.000Z,Championship,Preston North End,Millwall,70,29,68,87,45,12.07,66,7
2026-10-10T14:00:00.000Z,Championship,Bolton Wanderers,Stoke City,66,25,64,87,38,10.0,42,7
2026-10-10T13:30:00.000Z,Bundesliga,1. FSV Mainz 05,Bayer 04 Leverkusen,73,33,72,86,54,11.15,56,4
2026-10-10T16:00:00.000Z,Swiss Super League,Servette FC,FC Sion,63,22,62,86,37,12.83,73,7
2026-10-10T14:00:00.000Z,Premier League,Chelsea,Bournemouth,73,33,72,84,58,10.51,48,5
2026-10-10T12:00:00.000Z,LaLiga,Rayo Vallecano,Athletic Club,56,17,57,83,33,11.7,62,6
2026-10-10T16:30:00.000Z,Bundesliga,RB Leipzig,Eintracht Frankfurt,78,40,75,82,71,11.06,55,4
2026-10-10T14:30:00.000Z,Eredivisie,Go Ahead Eagles,Sparta Rotterdam,79,41,74,80,73,12.25,68,7
2026-10-10T16:45:00.000Z,Eredivisie,Feyenoord,AZ Alkmaar,67,27,67,79,56,10.33,46,7
2026-10-10T14:00:00.000Z,Premier League,Ipswich Town,Fulham,59,20,62,79,45,9.86,40,5
2026-10-10T19:00:00.000Z,LaLiga,Real Madrid,Villarreal,75,35,70,76,70,10.87,52,7
2026-10-10T14:15:00.000Z,LaLiga,Deportivo Alavés,Atlético Madrid,49,13,53,76,33,8.28,21,7
2026-10-10T14:00:00.000Z,Championship,Derby County,Wrexham,45,11,50,75,30,9.87,40,7
2026-10-11T12:00:00.000Z,Swiss Super League,Grasshopper Club Zürich,Young Boys,90,62,82,97,56,12.15,67,7
2026-10-11T17:15:00.000Z,Eliteserien,Lillestrøm SK,Molde FK,79,40,67,95,34,11.66,62,7
2026-10-11T14:30:00.000Z,Swiss Super League,FC Vaduz,Basel,86,52,83,91,68,9.77,39,7
2026-10-11T12:30:00.000Z,Eredivisie,PEC Zwolle,SC Cambuur,70,30,69,88,45,10.31,46,7
2026-10-11T00:30:00.000Z,MLS,Sporting Kansas City,Portland Timbers,80,42,77,87,65,11.09,55,7
2026-10-11T12:00:00.000Z,Danish Superliga,Randers FC,Viborg FF,61,21,58,87,31,11.1,55,7
2026-10-11T02:30:00.000Z,MLS,Los Angeles FC,Vancouver Whitecaps,59,20,56,87,27,12.56,71,7
2026-10-11T15:00:00.000Z,Eliteserien,Aalesunds FK,Sarpsborg 08,76,37,75,85,62,14.15,83,7
2026-10-11T13:30:00.000Z,Bundesliga,1. FC Köln,Borussia M'gladbach,83,48,79,84,76,12.9,74,4
2026-10-11T10:15:00.000Z,Eredivisie,FC Utrecht,Willem II Tilburg,77,39,75,84,66,9.95,41,7
2026-10-11T01:30:00.000Z,MLS,Colorado Rapids,San Jose Earthquakes,58,19,59,83,36,8.88,28,7
2026-10-11T12:00:00.000Z,LaLiga,Elche,Celta Vigo,54,16,55,83,29,7.71,16,7
2026-10-11T14:15:00.000Z,LaLiga,Real Sociedad,Deportivo La Coruña,53,15,55,82,31,11.18,56,7
2026-10-11T14:45:00.000Z,Eredivisie,Excelsior,FC Groningen,70,30,69,80,60,8.95,29,7
2026-10-11T23:00:00.000Z,MLS,St.Louis City,LA Galaxy,82,46,74,79,79,10.14,43,7
2026-10-11T00:30:00.000Z,MLS,Minnesota United,Houston Dynamo,66,25,66,79,54,8.75,26,7
2026-10-11T14:30:00.000Z,Liga Portugal Betclic,Rio Ave,CD Nacional,54,16,57,79,36,8.04,19,7
2026-10-11T15:30:00.000Z,Premier League,Liverpool,Manchester City,51,14,54,79,32,9.23,32,5
2026-10-11T16:00:00.000Z,Danish Superliga,FC Midtjylland,FC København,47,12,51,78,28,8.66,25,7
2026-10-11T19:30:00.000Z,Liga Portugal Betclic,FC Arouca,CF Estrela Amadora,65,25,65,77,56,7.58,14,7
2026-10-11T12:00:00.000Z,Danish Superliga,Silkeborg IF,AC Horsens,62,22,63,77,51,8.65,25,7
2026-10-11T19:00:00.000Z,LaLiga,Racing de Santander,Valencia,62,22,63,76,54,10.74,51,7
2026-10-11T12:30:00.000Z,Eliteserien,Fredrikstad FK,Tromsø IL,63,23,63,75,55,9.92,41,7
2026-10-11T15:00:00.000Z,Eliteserien,IK Start,HamKam,62,22,63,75,54,10.76,51,7
2026-10-11T13:00:00.000Z,Premier League,Crystal Palace,Nottingham Forest,44,10,49,75,28,6.56,7,5
2026-10-12T19:00:00.000Z,Premier League,Coventry City,Newcastle United,54,16,47,88,18,8.39,22,5
2026-10-12T17:00:00.000Z,Danish Superliga,AGF,Sønderjyske Fodbold,70,29,70,83,54,9.94,41,7
2026-10-12T19:00:00.000Z,LaLiga,Levante UD,Sevilla,58,19,59,83,35,7.1,11,6
2026-10-12T17:00:00.000Z,Eliteserien,KFUM Oslo,Vålerenga IF,73,33,70,79,65,12.07,66,7
2026-10-13T19:00:00.000Z,UEFA Champions League,Galatasaray,Barcelona,78,40,66,95,34,7.51,14,1
2026-10-13T19:00:00.000Z,UEFA Champions League,Viking FK,FC Bayern München,77,38,68,94,36,9.47,35,1
2026-10-13T19:00:00.000Z,UEFA Champions League,Atlético Madrid,Manchester United,63,23,56,90,26,10.23,45,1
2026-10-13T18:45:00.000Z,Championship,Millwall,Swansea City,61,21,58,87,30,9.96,41,7
2026-10-13T16:45:00.000Z,UEFA Champions League,RC Lens,Sporting,71,31,70,86,50,9.87,40,1
2026-10-13T19:00:00.000Z,UEFA Champions League,RB Leipzig,PSV Eindhoven,60,20,60,85,34,8.01,19,1
2026-10-13T19:00:00.000Z,Championship,Stoke City,Middlesbrough,69,28,69,84,52,10.25,45,7
2026-10-13T19:00:00.000Z,UEFA Champions League,Inter,Club Brugge KV,66,25,67,82,50,10.98,54,1
2026-10-13T16:45:00.000Z,UEFA Champions League,Sabah FK,SK Slavia Praha,71,31,69,79,62,11.36,58,1
2026-10-13T18:45:00.000Z,Championship,Bristol City,Blackburn Rovers,56,17,59,76,45,11.2,56,7
2026-10-14T16:45:00.000Z,UEFA Champions League,Feyenoord,Como,83,48,68,97,34,7.72,16,1
2026-10-14T18:45:00.000Z,Championship,Norwich City,Southampton,84,49,77,95,49,9.39,34,7
2026-10-14T23:30:00.000Z,MLS,FC Cincinnati,New England Revolution,76,37,69,93,40,11.73,62,7
2026-10-14T23:30:00.000Z,MLS,Toronto FC,Orlando City SC,80,43,76,92,51,9.87,40,7
2026-10-14T19:00:00.000Z,UEFA Champions League,Bodø/Glimt,Borussia Dortmund,83,48,80,91,62,10.59,49,1
2026-10-14T19:00:00.000Z,UEFA Champions League,Manchester City,Paris Saint-Germain,65,25,65,85,42,8.88,28,1
2026-10-14T23:30:00.000Z,MLS,CF Montréal,Atlanta United,57,18,56,85,29,10.45,47,7
2026-10-14T19:00:00.000Z,UEFA Champions League,ŠK Slovan Bratislava,VfB Stuttgart,61,21,61,84,38,8.12,20,1
2026-10-14T16:45:00.000Z,UEFA Champions League,LASK,Liverpool,57,18,59,82,36,11.58,61,1
2026-10-14T19:00:00.000Z,Championship,Lincoln City,West Ham United,51,14,51,82,25,13.69,80,7
2026-10-14T23:30:00.000Z,MLS,Columbus Crew,Charlotte FC,51,14,54,79,32,10.61,49,7
2026-10-14T19:00:00.000Z,UEFA Champions League,Aston Villa,Fenerbahçe,46,11,50,77,28,9.19,32,1
2026-10-14T19:00:00.000Z,UEFA Champions League,Roma,Real Madrid,49,13,53,76,34,9.58,36,1
2026-10-14T19:00:00.000Z,UEFA Champions League,Shakhtar Donetsk,AEK Athens,34,6,36,76,14,7.77,16,1
2026-10-15T00:30:00.000Z,MLS,Chicago Fire,Philadelphia Union,80,43,63,96,29,9.69,38,7
2026-10-15T01:30:00.000Z,MLS,Colorado Rapids,Minnesota United,84,48,80,92,61,8.36,22,7
2026-10-15T00:30:00.000Z,MLS,St.Louis City,Vancouver Whitecaps,78,40,76,89,59,9.99,42,7
2026-10-15T00:30:00.000Z,MLS,FC Dallas,Seattle Sounders FC,64,24,64,86,39,11.86,64,7
2026-10-15T02:30:00.000Z,MLS,LA Galaxy,Portland Timbers,75,35,73,84,61,11.22,57,7
2026-10-15T01:30:00.000Z,MLS,Real Salt Lake,San Jose Earthquakes,51,14,53,81,29,11.01,54,7
2026-10-16T19:00:00.000Z,Championship,Burnley,Wolverhampton,72,31,62,92,31,10.09,43,7
2026-10-16T18:30:00.000Z,Bundesliga,Eintracht Frankfurt,1. FC Köln,80,43,78,86,67,11.18,56,4
2026-10-16T18:00:00.000Z,Eredivisie,SC Heerenveen,Excelsior,55,17,58,80,37,9.87,40,7
