Date,Match,HomeTeam,AwayTeam,HomeScoredAvg,HomeAllowedAvg,HomeSampleSize,AwayScoredAvg,AwayAllowedAvg,AwaySampleSize,ExpHome,ExpAway,ExpTotal,TotalStd,Line,OverOdds,UnderOdds,ActualHomeScore,ActualAwayScore,HitOrMiss
2026-10-11T20:25Z,Detroit Lions @ Arizona Cardinals,Arizona Cardinals,Detroit Lions,21.8,29.2,4,29.8,31.8,4,27.3,32.1,59.4,14.1,,,,,,
2026-10-12T00:20Z,Baltimore Ravens @ Atlanta Falcons,Atlanta Falcons,Baltimore Ravens,24.0,23.0,4,29.0,24.0,4,26.4,25.7,52.1,14.1,,,,,,
2026-10-09T00:15Z,Tampa Bay Buccaneers @ Dallas Cowboys,Dallas Cowboys,Tampa Bay Buccaneers,30.5,28.0,4,19.0,24.0,4,27.5,22.8,50.3,14.1,,,,,,
2026-10-13T00:15Z,Buffalo Bills @ Los Angeles Rams,Los Angeles Rams,Buffalo Bills,21.2,20.8,4,31.8,26.8,4,24.6,25.7,50.3,14.1,,,,,,
2026-10-11T20:25Z,San Francisco 49ers @ Seattle Seahawks,Seattle Seahawks,San Francisco 49ers,26.2,18.2,4,30.5,16.0,4,21.9,25.2,47.1,14.1,,,,,,
2026-10-11T17:00Z,New York Giants @ Washington Commanders,Washington Commanders,New York Giants,22.0,30.5,4,20.5,19.8,4,20.2,26.6,46.8,14.1,,,,,,
2026-10-11T17:00Z,Indianapolis Colts @ Pittsburgh Steelers,Pittsburgh Steelers,Indianapolis Colts,19.2,21.8,4,25.5,26.0,4,21.5,24.8,46.3,14.1,,,,,,
2026-10-11T17:00Z,Las Vegas Raiders @ New England Patriots,New England Patriots,Las Vegas Raiders,16.2,19.2,4,28.8,21.0,4,20.0,25.4,45.5,14.1,,,,,,
2026-10-11T17:00Z,Minnesota Vikings @ New Orleans Saints,New Orleans Saints,Minnesota Vikings,26.2,32.0,4,21.5,12.8,4,17.9,27.0,44.9,14.1,,,,,,
2026-10-11T20:05Z,Denver Broncos @ Los Angeles Chargers,Los Angeles Chargers,Denver Broncos,16.8,26.5,4,18.5,23.5,4,20.2,22.7,42.9,14.1,,,,,,
2026-10-11T17:00Z,Cleveland Browns @ New York Jets,New York Jets,Cleveland Browns,19.0,21.0,4,20.2,23.8,4,20.2,22.0,42.1,14.1,,,,,,
2026-10-11T17:00Z,Chicago Bears @ Green Bay Packers,Green Bay Packers,Chicago Bears,18.2,26.2,4,28.0,16.2,4,15.5,25.4,40.9,14.1,,,,,,
2026-10-11T17:00Z,Houston Texans @ Tennessee Titans,Tennessee Titans,Houston Texans,13.8,20.8,4,21.0,27.2,4,19.8,20.8,40.7,14.1,,,,,,
2026-10-11T13:30Z,Philadelphia Eagles @ Jacksonville Jaguars,Jacksonville Jaguars,Philadelphia Eagles,26.0,13.2,4,18.8,23.2,4,24.9,15.4,40.2,14.1,,,,,,
2026-10-11T17:00Z,Cincinnati Bengals @ Miami Dolphins,Miami Dolphins,Cincinnati Bengals,11.5,25.2,4,24.2,21.2,4,15.7,23.3,39.0,14.1,,,,,,
