Date,League,HomeTeam,AwayTeam,ExpHome,ExpAway,ExpTotal,Over25,BTTS,HomeWinPct,DrawPct,AwayWinPct,ExpFHCorners,FHCornersOver35,FHCornersOver45,HomeGoalsAvg,HomeShotsAvg,HomeSoTAvg,HomeCornersAvg,HomeFHCornersAvg,HomeTacklesAvg,HomeSavesAvg,HomeCardsAvg,HomeSample,AwayGoalsAvg,AwayShotsAvg,AwaySoTAvg,AwayCornersAvg,AwayFHCornersAvg,AwayTacklesAvg,AwaySavesAvg,AwayCardsAvg,AwaySample,ActualHomeGoals,ActualAwayGoals,ActualFHCorners,Actual1X2,HitOrMiss
2026-10-07T00:30:00.000Z,MLS,Chicago Fire,Vancouver Whitecaps,1.18,2.64,3.82,73,64,15,17,68,3.24,41,23,1.43,14.9,6.0,5.0,1.1,11.1,3.0,1.6,7,2.71,17.6,7.0,6.6,2.4,19.3,2.3,2.1,7,,,,,
2026-10-09T15:00:00.000Z,Eredivisie,PSV Eindhoven,SC Heerenveen,2.29,1.38,3.67,71,67,58,20,22,4.2,60,41,3.43,21.0,8.4,7.6,3.9,17.1,2.6,1.7,7,1.57,16.0,6.0,5.1,2.3,12.1,3.0,1.2,7,,,,,
2026-10-09T17:00:00.000Z,Eliteserien,SK Brann,Viking FK,1.07,2.32,3.4,66,59,16,19,65,6.76,90,80,1.57,16.6,5.4,7.1,2.4,16.4,4.4,1.7,7,2.86,18.0,6.9,7.9,4.6,15.7,2.9,1.5,7,,,,,
2026-10-10T13:30:00.000Z,Bundesliga,1. FC Union Berlin,SV 07 Elversberg,1.33,3.34,4.67,84,71,11,13,75,4.46,65,46,1.0,11.8,5.0,3.0,0.5,17.2,4.5,2.5,4,2.0,10.2,4.5,3.8,2.2,12.8,2.2,2.0,4,,,,,
2026-10-10T14:00:00.000Z,Eliteserien,Bodø/Glimt,Kristiansund BK,3.27,1.11,4.38,81,64,78,12,9,6.78,91,81,2.71,18.4,6.7,8.1,4.0,14.4,1.6,0.6,7,1.29,14.1,3.7,4.4,2.1,14.6,4.3,1.4,7,,,,,
2026-10-10T14:00:00.000Z,Premier League,Sunderland,Brighton & Hove Albion,1.04,3.19,4.24,79,62,9,12,79,4.53,66,47,1.2,13.2,5.0,4.0,3.0,15.6,1.2,2.6,5,3.2,19.0,5.8,5.4,2.6,13.4,2.4,2.4,5,,,,,
2026-10-10T14:30:00.000Z,Eredivisie,Go Ahead Eagles,Sparta Rotterdam,2.59,1.62,4.21,79,74,58,18,23,5.12,75,58,2.29,15.1,6.3,6.0,1.7,10.9,2.6,1.4,7,1.43,13.1,4.3,6.0,3.0,17.0,3.6,1.3,7,,,,,
2026-10-10T16:30:00.000Z,Bundesliga,RB Leipzig,Eintracht Frankfurt,2.47,1.69,4.16,78,75,55,19,26,4.94,73,55,2.25,18.8,6.2,6.8,3.2,11.8,4.0,1.2,4,2.25,13.8,4.8,4.8,2.5,15.2,5.2,2.2,4,,,,,
2026-10-10T19:00:00.000Z,Eredivisie,AFC Ajax,NEC Nijmegen,2.62,1.37,3.99,76,69,64,17,18,3.25,41,23,3.0,24.7,8.0,8.0,3.4,13.4,3.0,2.8,7,1.71,15.1,4.1,5.0,1.9,15.6,2.4,1.6,7,,,,,
2026-10-10T16:00:00.000Z,Swiss Super League,FC Zürich,FC Thun,1.89,2.1,3.99,76,75,36,21,44,4.48,65,46,1.57,13.1,4.4,4.4,1.7,17.4,2.9,2.6,7,1.71,15.7,3.6,5.7,1.7,18.1,3.0,2.9,7,,,,,
2026-10-10T19:00:00.000Z,LaLiga,Real Madrid,Villarreal,2.44,1.45,3.89,75,70,59,19,22,5.75,83,68,2.57,18.9,7.6,6.9,3.4,15.1,3.0,1.9,7,1.86,16.0,6.6,7.3,4.6,15.0,2.3,1.7,7,,,,,
2026-10-10T14:00:00.000Z,Championship,Middlesbrough,Wolverhampton,1.82,2.05,3.87,74,73,35,21,44,4.9,72,54,2.0,16.7,4.9,5.9,2.1,17.0,2.9,1.1,7,2.14,16.0,4.6,6.3,3.3,15.6,2.1,1.0,7,,,,,
2026-10-10T13:30:00.000Z,Bundesliga,FC Augsburg,FC Bayern München,1.38,2.48,3.86,74,69,20,18,61,5.57,81,65,2.75,14.0,7.2,4.8,1.8,16.2,5.2,1.2,4,3.5,21.8,8.8,9.5,3.8,12.8,1.5,1.0,4,,,,,
2026-10-10T13:30:00.000Z,Bundesliga,TSG Hoffenheim,Hamburger SV,2.55,1.29,3.85,74,67,65,18,18,3.81,53,33,1.75,19.0,5.0,6.8,1.2,15.8,2.8,2.0,4,0.5,9.5,3.8,3.8,1.8,14.2,3.2,1.5,4,,,,,
2026-10-10T14:00:00.000Z,Premier League,Chelsea,Bournemouth,1.93,1.84,3.77,73,72,41,21,38,4.65,68,50,2.0,14.4,5.2,6.6,2.8,15.6,4.4,1.8,5,1.2,13.6,5.2,4.2,1.8,16.0,2.2,2.8,5,,,,,
2026-10-10T13:30:00.000Z,Bundesliga,1. FSV Mainz 05,Bayer 04 Leverkusen,1.8,1.97,3.77,73,72,36,21,43,4.89,72,54,2.5,18.2,6.2,6.0,2.0,16.8,1.8,2.2,4,2.5,22.5,6.2,9.2,3.0,13.5,2.2,1.8,4,,,,,
2026-10-10T23:30:00.000Z,MLS,Orlando City SC,Columbus Crew,1.92,1.84,3.76,72,72,41,21,38,4.67,69,50,2.29,11.6,5.0,4.4,1.9,14.6,3.6,2.1,7,1.57,11.4,3.7,4.1,1.9,15.1,3.4,2.1,7,,,,,
2026-10-10T16:00:00.000Z,Swiss Super League,FC Lugano,FC Luzern,2.47,1.22,3.68,71,64,65,18,17,4.7,69,51,3.0,16.6,5.7,5.6,3.1,17.4,2.7,2.9,7,2.29,16.9,5.9,4.7,1.9,17.0,4.4,3.1,7,,,,,
2026-10-10T14:00:00.000Z,Championship,Preston North End,Millwall,1.52,2.08,3.59,70,68,28,21,51,5.18,76,59,1.0,13.4,3.1,5.7,2.4,13.7,3.3,2.3,7,1.86,13.7,4.3,4.1,2.1,14.6,2.7,1.4,7,,,,,
2026-10-10T16:45:00.000Z,Eredivisie,Feyenoord,AZ Alkmaar,1.89,1.58,3.47,67,67,45,22,33,4.19,60,41,3.57,22.3,8.7,6.1,3.4,14.7,1.9,1.2,7,2.57,19.4,7.6,8.6,3.7,16.6,1.6,1.0,7,,,,,
2026-10-10T17:00:00.000Z,MLS,Toronto FC,CF Montréal,2.0,1.45,3.45,67,66,50,22,28,4.2,60,41,1.43,13.4,4.7,4.0,1.7,12.3,4.3,1.6,7,1.0,11.7,4.3,4.9,2.0,13.9,3.7,2.1,7,,,,,
2026-10-10T23:30:00.000Z,MLS,Inter Miami CF,DC United,2.18,1.23,3.41,66,63,59,20,21,4.27,62,42,2.29,14.1,5.7,4.1,2.0,17.7,2.1,3.6,7,1.0,16.0,5.1,5.6,2.6,17.4,3.4,2.2,7,,,,,
2026-10-10T14:00:00.000Z,Championship,Bolton Wanderers,Stoke City,1.32,2.07,3.39,66,64,24,21,55,4.62,68,49,1.29,11.9,4.6,5.4,2.1,16.4,4.0,1.8,7,1.71,12.9,4.3,4.6,3.3,16.4,3.3,3.0,7,,,,,
2026-10-10T18:00:00.000Z,Eredivisie,Fortuna Sittard,FC Twente,1.25,2.14,3.39,66,63,22,21,58,4.54,66,48,1.86,10.1,4.6,2.1,0.6,11.7,4.3,1.7,7,2.14,21.6,7.6,7.4,3.1,13.1,2.6,1.0,7,,,,,
2026-10-11T12:00:00.000Z,Swiss Super League,Grasshopper Club Zürich,Young Boys,1.89,3.43,5.33,90,82,18,14,66,5.27,77,61,1.57,16.4,5.0,6.1,2.9,21.0,3.4,2.6,7,3.0,18.6,7.1,6.0,3.0,14.3,3.1,2.4,7,,,,,
2026-10-11T14:30:00.000Z,Swiss Super League,FC Vaduz,Basel,2.34,2.46,4.8,86,83,38,19,43,5.01,74,56,2.14,14.3,5.3,4.3,2.6,20.0,3.4,2.4,7,2.29,11.6,4.3,3.3,1.7,13.1,3.1,3.0,7,,,,,
2026-10-11T13:30:00.000Z,Bundesliga,1. FC Köln,Borussia M'gladbach,2.72,1.84,4.56,83,79,56,18,25,5.59,81,66,1.5,17.2,5.5,6.8,3.0,11.2,3.8,2.0,4,1.5,16.5,4.2,6.8,2.8,15.8,5.5,3.5,4,,,,,
2026-10-11T23:00:00.000Z,MLS,St.Louis City,LA Galaxy,2.9,1.54,4.45,82,74,65,16,18,4.76,70,52,2.86,12.4,6.1,4.0,2.6,18.1,2.3,2.1,7,1.71,13.4,5.3,5.7,2.4,15.4,4.4,1.4,7,,,,,
2026-10-11T00:30:00.000Z,MLS,Sporting Kansas City,Portland Timbers,2.2,2.05,4.25,80,77,43,20,37,4.92,72,55,1.86,14.9,5.7,4.4,2.0,12.9,4.4,2.1,7,1.57,15.0,4.0,5.4,2.4,14.9,3.9,1.4,7,,,,,
2026-10-11T17:15:00.000Z,Eliteserien,Lillestrøm SK,Molde FK,1.22,2.95,4.17,79,67,13,15,72,5.18,76,59,0.86,12.4,3.6,5.6,2.0,17.9,4.0,1.7,7,2.71,19.1,7.6,6.1,2.3,17.4,1.6,1.9,7,,,,,
2026-10-11T10:15:00.000Z,Eredivisie,FC Utrecht,Willem II Tilburg,2.25,1.82,4.08,77,75,48,20,32,3.92,55,36,1.57,10.9,4.0,3.3,1.4,15.3,4.4,2.5,7,0.86,11.9,2.7,4.0,1.4,14.0,4.4,1.6,7,,,,,
2026-10-11T15:00:00.000Z,Eliteserien,Aalesunds FK,Sarpsborg 08,2.11,1.9,4.01,76,75,44,21,36,5.68,82,67,2.0,17.4,5.3,6.1,2.7,14.7,4.4,2.3,7,1.29,15.9,5.0,5.7,1.6,14.9,4.7,1.1,7,,,,,
2026-10-11T12:30:00.000Z,Eredivisie,PEC Zwolle,SC Cambuur,1.52,2.12,3.64,70,69,28,21,51,4.43,65,45,0.86,10.6,3.4,4.1,1.6,16.4,4.6,2.0,7,1.43,11.9,4.1,3.7,1.3,17.6,3.4,1.8,7,,,,,
2026-10-11T14:45:00.000Z,Eredivisie,Excelsior,FC Groningen,2.03,1.6,3.63,70,69,48,21,31,3.08,37,20,2.14,11.3,4.7,4.3,1.7,14.9,3.1,1.8,7,2.14,15.0,5.4,4.4,1.4,14.0,3.9,0.9,7,,,,,
2026-10-11T00:30:00.000Z,MLS,Minnesota United,Houston Dynamo,1.81,1.57,3.38,66,66,44,23,34,4.02,57,38,2.57,14.0,5.1,4.7,2.1,17.3,3.1,2.0,7,0.71,14.0,3.7,4.7,2.1,11.9,2.7,1.8,7,,,,,
2026-10-12T17:00:00.000Z,Eliteserien,KFUM Oslo,Vålerenga IF,2.22,1.56,3.78,73,70,53,20,27,4.43,65,45,1.43,10.3,3.9,4.0,1.7,16.7,3.7,2.1,7,1.71,16.7,4.9,6.3,2.4,20.1,2.7,2.0,7,,,,,
2026-10-12T17:00:00.000Z,Danish Superliga,AGF,Sønderjyske Fodbold,1.8,1.8,3.6,70,70,39,22,39,5.22,76,60,1.14,18.6,4.6,7.4,3.3,14.7,2.1,1.4,7,1.43,11.3,4.0,3.7,1.4,15.1,4.0,2.4,7,,,,,
