Date,League,Match,Team,Market,Projected,RecentValues,Line,OverOdds,UnderOdds,ActualValue,HitOrMiss
2026-10-12T19:00:00.000Z,Premier League,Coventry City vs Newcastle United,Coventry City,Corners,4.76,2; 6; 5; 5; 2,,,,,
2026-10-12T19:00:00.000Z,Premier League,Coventry City vs Newcastle United,Newcastle United,Corners,3.97,2; 7; 4; 5; 4,,,,,
2026-10-12T19:00:00.000Z,Premier League,Coventry City vs Newcastle United,Coventry City,Cards,1.18,1; 1; 2; 0,,,,,
2026-10-12T19:00:00.000Z,Premier League,Coventry City vs Newcastle United,Newcastle United,Cards,2.14,5; 2; 2; 2; 1,,,,,
2026-10-11T15:30:00.000Z,Premier League,Liverpool vs Manchester City,Liverpool,Corners,3.6,6; 3; 3; 5; 3,,,,,
2026-10-11T15:30:00.000Z,Premier League,Liverpool vs Manchester City,Manchester City,Corners,5.17,8; 6; 4; 7; 6,,,,,
2026-10-11T15:30:00.000Z,Premier League,Liverpool vs Manchester City,Liverpool,Cards,2.19,3; 4; 3; 0; 2,,,,,
2026-10-11T15:30:00.000Z,Premier League,Liverpool vs Manchester City,Manchester City,Cards,1.41,1; 2; 1; 2; 0,,,,,
2026-10-11T13:00:00.000Z,Premier League,Hull City vs Everton,Hull City,Corners,3.56,1; 2; 3; 4; 7,,,,,
2026-10-11T13:00:00.000Z,Premier League,Hull City vs Everton,Everton,Corners,5.53,4; 7; 4; 6; 4,,,,,
2026-10-11T13:00:00.000Z,Premier League,Hull City vs Everton,Hull City,Cards,3.03,2; 4; 2; 5; 5,,,,,
2026-10-11T13:00:00.000Z,Premier League,Hull City vs Everton,Everton,Cards,1.9,0; 2; 3; 2; 2,,,,,
2026-10-11T13:00:00.000Z,Premier League,Crystal Palace vs Nottingham Forest,Crystal Palace,Corners,3.0,0; 2; 1; 6; 3,,,,,
2026-10-11T13:00:00.000Z,Premier League,Crystal Palace vs Nottingham Forest,Nottingham Forest,Corners,3.68,3; 5; 2; 1; 6,,,,,
2026-10-11T13:00:00.000Z,Premier League,Crystal Palace vs Nottingham Forest,Crystal Palace,Cards,1.7,1; 1; 1; 3,,,,,
2026-10-11T13:00:00.000Z,Premier League,Crystal Palace vs Nottingham Forest,Nottingham Forest,Cards,2.4,2; 2; 2; 5; 2,,,,,
2026-10-10T16:30:00.000Z,Premier League,Manchester United vs Tottenham Hotspur,Manchester United,Corners,5.94,6; 8; 3; 6; 13,,,,,
2026-10-10T16:30:00.000Z,Premier League,Manchester United vs Tottenham Hotspur,Tottenham Hotspur,Corners,5.59,3; 9; 10; 5; 11,,,,,
2026-10-10T16:30:00.000Z,Premier League,Manchester United vs Tottenham Hotspur,Manchester United,Cards,1.47,1; 1; 3; 1; 0,,,,,
2026-10-10T16:30:00.000Z,Premier League,Manchester United vs Tottenham Hotspur,Tottenham Hotspur,Cards,1.33,1; 1; 2; 0; 1,,,,,
2026-10-10T14:00:00.000Z,Premier League,Sunderland vs Brighton & Hove Albion,Sunderland,Corners,4.22,5; 3; 3; 4; 5,,,,,
2026-10-10T14:00:00.000Z,Premier League,Sunderland vs Brighton & Hove Albion,Brighton & Hove Albion,Corners,4.55,5; 7; 7; 3; 5,,,,,
2026-10-10T14:00:00.000Z,Premier League,Sunderland vs Brighton & Hove Albion,Sunderland,Cards,2.24,3; 0; 2; 6; 1,,,,,
2026-10-10T14:00:00.000Z,Premier League,Sunderland vs Brighton & Hove Albion,Brighton & Hove Albion,Cards,2.63,2; 3; 3; 4,,,,,
2026-10-10T14:00:00.000Z,Premier League,Ipswich Town vs Fulham,Ipswich Town,Corners,4.3,3; 4; 4; 3; 4,,,,,
2026-10-10T14:00:00.000Z,Premier League,Ipswich Town vs Fulham,Fulham,Corners,5.63,6; 4; 7; 8; 3,,,,,
2026-10-10T14:00:00.000Z,Premier League,Ipswich Town vs Fulham,Ipswich Town,Cards,2.0,0; 3; 1; 3; 3,,,,,
2026-10-10T14:00:00.000Z,Premier League,Ipswich Town vs Fulham,Fulham,Cards,2.0,2; 2; 1; 3,,,,,
2026-10-10T14:00:00.000Z,Premier League,Chelsea vs Bournemouth,Chelsea,Corners,5.81,4; 4; 3; 10; 12,,,,,
2026-10-10T14:00:00.000Z,Premier League,Chelsea vs Bournemouth,Bournemouth,Corners,4.68,3; 10; 3; 2; 3,,,,,
2026-10-10T14:00:00.000Z,Premier League,Chelsea vs Bournemouth,Chelsea,Cards,1.88,3; 1; 4; 1; 0,,,,,
2026-10-10T14:00:00.000Z,Premier League,Chelsea vs Bournemouth,Bournemouth,Cards,2.52,2; 3; 3; 5; 1,,,,,
2026-10-10T14:00:00.000Z,Premier League,Aston Villa vs Brentford,Aston Villa,Corners,3.78,2; 2; 4; 6; 1,,,,,
2026-10-10T14:00:00.000Z,Premier League,Aston Villa vs Brentford,Brentford,Corners,4.55,7; 6; 4; 1; 4,,,,,
2026-10-10T14:00:00.000Z,Premier League,Aston Villa vs Brentford,Aston Villa,Cards,2.02,3; 3; 0; 2; 2,,,,,
2026-10-10T14:00:00.000Z,Premier League,Aston Villa vs Brentford,Brentford,Cards,2.14,1; 4; 3; 1; 2,,,,,
2026-10-10T11:30:00.000Z,Premier League,Arsenal vs Leeds United,Arsenal,Corners,4.94,8; 4; 5; 2; 6,,,,,
2026-10-10T11:30:00.000Z,Premier League,Arsenal vs Leeds United,Leeds United,Corners,3.6,2; 5; 6; 5; 4,,,,,
2026-10-10T11:30:00.000Z,Premier League,Arsenal vs Leeds United,Arsenal,Cards,1.63,1; 1; 2; 2; 1,,,,,
2026-10-10T11:30:00.000Z,Premier League,Arsenal vs Leeds United,Leeds United,Cards,1.62,1; 0; 3; 1; 2,,,,,
2026-10-11T11:00:00.000Z,Championship,Southampton vs Portsmouth,Southampton,Corners,5.58,4; 8; 5; 6; 9; 2; 3,,,,,
2026-10-11T11:00:00.000Z,Championship,Southampton vs Portsmouth,Portsmouth,Corners,5.95,6; 3; 10; 11; 5; 5; 9,,,,,
2026-10-11T11:00:00.000Z,Championship,Southampton vs Portsmouth,Southampton,Cards,1.68,3; 2; 2; 0; 0; 0; 4,,,,,
2026-10-11T11:00:00.000Z,Championship,Southampton vs Portsmouth,Portsmouth,Cards,1.07,0; 1; 0; 1; 0; 1; 2,,,,,
2026-10-10T14:00:00.000Z,Championship,Derby County vs Wrexham,Derby County,Corners,5.11,7; 5; 2; 6; 11; 10; 6,,,,,
2026-10-10T14:00:00.000Z,Championship,Derby County vs Wrexham,Wrexham,Corners,5.01,10; 3; 2; 2; 4; 6; 2,,,,,
2026-10-10T14:00:00.000Z,Championship,Derby County vs Wrexham,Derby County,Cards,2.07,5; 3; 2; 2; 0; 1; 2,,,,,
2026-10-10T14:00:00.000Z,Championship,Derby County vs Wrexham,Wrexham,Cards,1.26,2; 1; 1; 0; 2; 0; 1,,,,,
2026-10-10T14:00:00.000Z,Championship,Bolton Wanderers vs Stoke City,Bolton Wanderers,Corners,5.16,2; 14; 5; 9; 4; 2; 2,,,,,
2026-10-10T14:00:00.000Z,Championship,Bolton Wanderers vs Stoke City,Stoke City,Corners,5.07,2; 1; 3; 5; 5; 8; 8,,,,,
2026-10-10T14:00:00.000Z,Championship,Bolton Wanderers vs Stoke City,Bolton Wanderers,Cards,1.74,2; 0; 2; 1; 0; 5,,,,,
2026-10-10T14:00:00.000Z,Championship,Bolton Wanderers vs Stoke City,Stoke City,Cards,2.57,5; 4; 2; 1; 2; 2; 4,,,,,
2026-10-10T14:00:00.000Z,Championship,Blackburn Rovers vs Cardiff City,Blackburn Rovers,Corners,4.79,2; 3; 7; 11; 7; 6; 7,,,,,
2026-10-10T14:00:00.000Z,Championship,Blackburn Rovers vs Cardiff City,Cardiff City,Corners,7.2,7; 13; 4; 7; 7; 10; 6,,,,,
2026-10-10T14:00:00.000Z,Championship,Blackburn Rovers vs Cardiff City,Blackburn Rovers,Cards,2.59,4; 3; 4; 2; 1; 5; 1,,,,,
2026-10-10T14:00:00.000Z,Championship,Blackburn Rovers vs Cardiff City,Cardiff City,Cards,2.29,1; 2; 2; 4; 1; 2; 5,,,,,
2026-10-10T14:00:00.000Z,Championship,Watford vs Burnley,Watford,Corners,3.58,3; 3; 3; 4; 2; 5; 5,,,,,
2026-10-10T14:00:00.000Z,Championship,Watford vs Burnley,Burnley,Corners,6.16,5; 5; 5; 5; 4; 6; 4,,,,,
2026-10-10T14:00:00.000Z,Championship,Watford vs Burnley,Watford,Cards,2.3,0; 3; 4; 3; 0; 2; 5,,,,,
2026-10-10T14:00:00.000Z,Championship,Watford vs Burnley,Burnley,Cards,2.4,2; 3; 2; 3; 3; 1; 4,,,,,
2026-10-10T14:00:00.000Z,Championship,Sheffield United vs Lincoln City,Sheffield United,Corners,5.59,3; 2; 5; 7; 3; 0; 1,,,,,
2026-10-10T14:00:00.000Z,Championship,Sheffield United vs Lincoln City,Lincoln City,Corners,5.9,8; 2; 5; 4; 3; 4; 2,,,,,
2026-10-10T14:00:00.000Z,Championship,Sheffield United vs Lincoln City,Sheffield United,Cards,2.0,2; 2; 0; 2; 2; 2; 4,,,,,
2026-10-10T14:00:00.000Z,Championship,Sheffield United vs Lincoln City,Lincoln City,Cards,2.4,3; 3; 1; 3; 1; 5; 2,,,,,
2026-10-10T14:00:00.000Z,Championship,Preston North End vs Millwall,Preston North End,Corners,7.51,5; 4; 5; 3; 4; 16; 3,,,,,
2026-10-10T14:00:00.000Z,Championship,Preston North End vs Millwall,Millwall,Corners,4.73,8; 11; 1; 3; 2; 1; 3,,,,,
2026-10-10T14:00:00.000Z,Championship,Preston North End vs Millwall,Preston North End,Cards,2.21,4; 1; 2; 4; 2; 1; 2,,,,,
2026-10-10T14:00:00.000Z,Championship,Preston North End vs Millwall,Millwall,Cards,1.5,1; 1; 2; 0; 3; 1; 1,,,,,
2026-10-10T14:00:00.000Z,Championship,Middlesbrough vs Wolverhampton,Middlesbrough,Corners,5.22,10; 7; 1; 3; 3; 14; 3,,,,,
2026-10-10T14:00:00.000Z,Championship,Middlesbrough vs Wolverhampton,Wolverhampton,Corners,5.98,5; 4; 7; 7; 4; 9; 8,,,,,
2026-10-10T14:00:00.000Z,Championship,Middlesbrough vs Wolverhampton,Middlesbrough,Cards,1.39,1; 0; 2; 2; 2; 1; 0,,,,,
2026-10-10T14:00:00.000Z,Championship,Middlesbrough vs Wolverhampton,Wolverhampton,Cards,1.29,1; 1; 1; 1; 1; 1; 1,,,,,
2026-10-10T11:30:00.000Z,Championship,Charlton Athletic vs Bristol City,Charlton Athletic,Corners,4.73,4; 7; 3; 3; 5; 7; 1,,,,,
2026-10-10T11:30:00.000Z,Championship,Charlton Athletic vs Bristol City,Bristol City,Corners,6.26,3; 3; 2; 8; 5; 13; 2,,,,,
2026-10-10T11:30:00.000Z,Championship,Charlton Athletic vs Bristol City,Charlton Athletic,Cards,1.88,3; 1; 1; 4; 0; 1; 3,,,,,
2026-10-10T11:30:00.000Z,Championship,Charlton Athletic vs Bristol City,Bristol City,Cards,1.58,1; 3; 0; 0; 2; 2; 2,,,,,
2026-10-10T11:30:00.000Z,Championship,West Bromwich Albion vs Birmingham City,West Bromwich Albion,Corners,5.03,3; 6; 8; 5; 3; 5; 7,,,,,
2026-10-10T11:30:00.000Z,Championship,West Bromwich Albion vs Birmingham City,Birmingham City,Corners,6.08,7; 6; 3; 8; 7; 4; 5,,,,,
2026-10-10T11:30:00.000Z,Championship,West Bromwich Albion vs Birmingham City,West Bromwich Albion,Cards,2.08,1; 1; 1; 5; 4; 1; 2,,,,,
2026-10-10T11:30:00.000Z,Championship,West Bromwich Albion vs Birmingham City,Birmingham City,Cards,2.29,2; 2; 3; 2; 3; 3; 2,,,,,
2026-10-10T11:30:00.000Z,Championship,Swansea City vs Norwich City,Swansea City,Corners,4.34,6; 6; 5; 5; 3; 3; 1,,,,,
2026-10-10T11:30:00.000Z,Championship,Swansea City vs Norwich City,Norwich City,Corners,4.0,3; 3; 5; 4; 6; 5; 4,,,,,
2026-10-10T11:30:00.000Z,Championship,Swansea City vs Norwich City,Swansea City,Cards,1.69,2; 2; 0; 3; 1; 2; 1,,,,,
2026-10-10T11:30:00.000Z,Championship,Swansea City vs Norwich City,Norwich City,Cards,2.81,3; 4; 2; 3; 6; 1,,,,,
2026-10-09T19:00:00.000Z,Championship,West Ham United vs Queens Park Rangers,West Ham United,Corners,4.91,7; 11; 6; 5; 4; 3; 11,,,,,
2026-10-09T19:00:00.000Z,Championship,West Ham United vs Queens Park Rangers,Queens Park Rangers,Corners,6.39,9; 3; 3; 12; 12; 3; 10,,,,,
2026-10-09T19:00:00.000Z,Championship,West Ham United vs Queens Park Rangers,West Ham United,Cards,1.89,2; 1; 2; 0; 3; 1; 4,,,,,
2026-10-09T19:00:00.000Z,Championship,West Ham United vs Queens Park Rangers,Queens Park Rangers,Cards,1.79,1; 2; 0; 1; 2; 4; 2,,,,,
2026-10-11T15:30:00.000Z,Bundesliga,SC Freiburg vs FC Schalke 04,SC Freiburg,Corners,6.63,6; 4; 6; 5,,,,,
2026-10-11T15:30:00.000Z,Bundesliga,SC Freiburg vs FC Schalke 04,FC Schalke 04,Corners,3.3,3; 0; 5; 4,,,,,
2026-10-11T15:30:00.000Z,Bundesliga,SC Freiburg vs FC Schalke 04,SC Freiburg,Cards,1.84,1; 3; 1; 2,,,,,
2026-10-11T15:30:00.000Z,Bundesliga,SC Freiburg vs FC Schalke 04,FC Schalke 04,Cards,1.4,0; 2; 1; 1,,,,,
2026-10-11T13:30:00.000Z,Bundesliga,1. FC Köln vs Borussia M'gladbach,1. FC Köln,Corners,6.13,6; 8; 8; 5,,,,,
2026-10-11T13:30:00.000Z,Bundesliga,1. FC Köln vs Borussia M'gladbach,Borussia M'gladbach,Corners,6.82,6; 13; 2; 6,,,,,
2026-10-11T13:30:00.000Z,Bundesliga,1. FC Köln vs Borussia M'gladbach,1. FC Köln,Cards,1.98,0; 3; 2; 3,,,,,
2026-10-11T13:30:00.000Z,Bundesliga,1. FC Köln vs Borussia M'gladbach,Borussia M'gladbach,Cards,2.7,0; 3; 4; 6,,,,,
2026-10-10T16:30:00.000Z,Bundesliga,RB Leipzig vs Eintracht Frankfurt,RB Leipzig,Corners,5.64,7; 7; 7; 6,,,,,
2026-10-10T16:30:00.000Z,Bundesliga,RB Leipzig vs Eintracht Frankfurt,Eintracht Frankfurt,Corners,5.4,2; 9; 5; 3,,,,,
2026-10-10T16:30:00.000Z,Bundesliga,RB Leipzig vs Eintracht Frankfurt,RB Leipzig,Cards,1.55,1; 0; 1; 3,,,,,
2026-10-10T16:30:00.000Z,Bundesliga,RB Leipzig vs Eintracht Frankfurt,Eintracht Frankfurt,Cards,2.12,4; 1; 2; 2,,,,,
2026-10-10T13:30:00.000Z,Bundesliga,SC Paderborn 07 vs VfB Stuttgart,SC Paderborn 07,Corners,4.91,2; 5; 3; 6,,,,,
2026-10-10T13:30:00.000Z,Bundesliga,SC Paderborn 07 vs VfB Stuttgart,VfB Stuttgart,Corners,6.98,3; 10; 7; 6,,,,,
2026-10-10T13:30:00.000Z,Bundesliga,SC Paderborn 07 vs VfB Stuttgart,SC Paderborn 07,Cards,1.69,2; 3; 1; 0,,,,,
2026-10-10T13:30:00.000Z,Bundesliga,SC Paderborn 07 vs VfB Stuttgart,VfB Stuttgart,Cards,1.69,3; 1; 0; 2,,,,,
2026-10-10T13:30:00.000Z,Bundesliga,1. FSV Mainz 05 vs Bayer 04 Leverkusen,1. FSV Mainz 05,Corners,4.44,11; 5; 4; 4,,,,,
2026-10-10T13:30:00.000Z,Bundesliga,1. FSV Mainz 05 vs Bayer 04 Leverkusen,Bayer 04 Leverkusen,Corners,6.77,3; 11; 14; 9,,,,,
2026-10-10T13:30:00.000Z,Bundesliga,1. FSV Mainz 05 vs Bayer 04 Leverkusen,1. FSV Mainz 05,Cards,2.12,1; 3; 0; 5,,,,,
2026-10-10T13:30:00.000Z,Bundesliga,1. FSV Mainz 05 vs Bayer 04 Leverkusen,Bayer 04 Leverkusen,Cards,1.83,2; 2; 1; 2,,,,,
2026-10-10T13:30:00.000Z,Bundesliga,FC Augsburg vs FC Bayern München,FC Augsburg,Corners,3.22,11; 4; 2; 2,,,,,
2026-10-10T13:30:00.000Z,Bundesliga,FC Augsburg vs FC Bayern München,FC Bayern München,Corners,9.34,9; 11; 9; 9,,,,,
2026-10-10T13:30:00.000Z,Bundesliga,FC Augsburg vs FC Bayern München,FC Augsburg,Cards,1.54,1; 1; 1; 2,,,,,
2026-10-10T13:30:00.000Z,Bundesliga,FC Augsburg vs FC Bayern München,FC Bayern München,Cards,1.39,1; 2; 0; 1,,,,,
2026-10-10T13:30:00.000Z,Bundesliga,TSG Hoffenheim vs Hamburger SV,TSG Hoffenheim,Corners,6.07,7; 10; 5; 5,,,,,
2026-10-10T13:30:00.000Z,Bundesliga,TSG Hoffenheim vs Hamburger SV,Hamburger SV,Corners,4.61,1; 4; 7; 3,,,,,
2026-10-10T13:30:00.000Z,Bundesliga,TSG Hoffenheim vs Hamburger SV,TSG Hoffenheim,Cards,1.96,2; 4; 1; 1,,,,,
2026-10-10T13:30:00.000Z,Bundesliga,TSG Hoffenheim vs Hamburger SV,Hamburger SV,Cards,1.67,1; 1; 2; 2,,,,,
2026-10-10T13:30:00.000Z,Bundesliga,1. FC Union Berlin vs SV 07 Elversberg,1. FC Union Berlin,Corners,4.93,5; 1; 4; 2,,,,,
2026-10-10T13:30:00.000Z,Bundesliga,1. FC Union Berlin vs SV 07 Elversberg,SV 07 Elversberg,Corners,5.19,4; 4; 3; 4,,,,,
2026-10-10T13:30:00.000Z,Bundesliga,1. FC Union Berlin vs SV 07 Elversberg,1. FC Union Berlin,Cards,2.25,2; 2; 3; 3,,,,,
2026-10-10T13:30:00.000Z,Bundesliga,1. FC Union Berlin vs SV 07 Elversberg,SV 07 Elversberg,Cards,1.97,3; 1; 2; 2,,,,,
2026-10-09T18:30:00.000Z,Bundesliga,Borussia Dortmund vs SV Werder Bremen,Borussia Dortmund,Corners,4.67,3; 3; 7; 2,,,,,
2026-10-09T18:30:00.000Z,Bundesliga,Borussia Dortmund vs SV Werder Bremen,SV Werder Bremen,Corners,4.15,5; 2; 5; 2,,,,,
2026-10-09T18:30:00.000Z,Bundesliga,Borussia Dortmund vs SV Werder Bremen,Borussia Dortmund,Cards,2.25,2; 2; 1; 5,,,,,
2026-10-09T18:30:00.000Z,Bundesliga,Borussia Dortmund vs SV Werder Bremen,SV Werder Bremen,Cards,1.54,1; 1; 1; 2,,,,,
2026-10-11T14:45:00.000Z,Eredivisie,Excelsior vs FC Groningen,Excelsior,Corners,4.37,8; 1; 6; 6; 4; 5; 0,,,,,
2026-10-11T14:45:00.000Z,Eredivisie,Excelsior vs FC Groningen,FC Groningen,Corners,4.64,5; 2; 4; 7; 8; 0; 5,,,,,
2026-10-11T14:45:00.000Z,Eredivisie,Excelsior vs FC Groningen,Excelsior,Cards,1.85,1; 2; 1; 3; 2; 2,,,,,
2026-10-11T14:45:00.000Z,Eredivisie,Excelsior vs FC Groningen,FC Groningen,Cards,1.17,0; 1; 1; 3; 1; 0; 0,,,,,
2026-10-11T12:30:00.000Z,Eredivisie,PEC Zwolle vs SC Cambuur,PEC Zwolle,Corners,4.86,2; 3; 3; 6; 4; 5; 6,,,,,
2026-10-11T12:30:00.000Z,Eredivisie,PEC Zwolle vs SC Cambuur,SC Cambuur,Corners,5.56,5; 7; 3; 2; 2; 4; 3,,,,,
2026-10-11T12:30:00.000Z,Eredivisie,PEC Zwolle vs SC Cambuur,PEC Zwolle,Cards,1.83,2; 2; 1; 2; 2,,,,,
2026-10-11T12:30:00.000Z,Eredivisie,PEC Zwolle vs SC Cambuur,SC Cambuur,Cards,1.85,2; 0; 1; 4; 2; 2,,,,,
2026-10-11T12:30:00.000Z,Eredivisie,SC Telstar vs ADO Den Haag,SC Telstar,Corners,4.9,3; 7; 5; 4; 2; 6; 2,,,,,
2026-10-11T12:30:00.000Z,Eredivisie,SC Telstar vs ADO Den Haag,ADO Den Haag,Corners,5.12,7; 5; 3; 3; 2; 2; 6,,,,,
2026-10-11T12:30:00.000Z,Eredivisie,SC Telstar vs ADO Den Haag,SC Telstar,Cards,1.74,2; 1; 3; 3; 0; 1,,,,,
2026-10-11T12:30:00.000Z,Eredivisie,SC Telstar vs ADO Den Haag,ADO Den Haag,Cards,1.76,1; 0; 2; 3; 0; 3; 3,,,,,
2026-10-11T10:15:00.000Z,Eredivisie,FC Utrecht vs Willem II Tilburg,FC Utrecht,Corners,4.72,1; 3; 7; 0; 7; 2; 3,,,,,
2026-10-11T10:15:00.000Z,Eredivisie,FC Utrecht vs Willem II Tilburg,Willem II Tilburg,Corners,5.24,2; 1; 9; 7; 2; 2; 5,,,,,
2026-10-11T10:15:00.000Z,Eredivisie,FC Utrecht vs Willem II Tilburg,FC Utrecht,Cards,2.32,2; 4; 5; 2; 0; 2,,,,,
2026-10-11T10:15:00.000Z,Eredivisie,FC Utrecht vs Willem II Tilburg,Willem II Tilburg,Cards,1.69,1; 1; 2; 1; 3,,,,,
2026-10-10T19:00:00.000Z,Eredivisie,AFC Ajax vs NEC Nijmegen,AFC Ajax,Corners,5.66,10; 7; 4; 1; 11; 14; 9,,,,,
2026-10-10T19:00:00.000Z,Eredivisie,AFC Ajax vs NEC Nijmegen,NEC Nijmegen,Corners,2.94,13; 2; 7; 1; 2; 5; 5,,,,,
2026-10-10T19:00:00.000Z,Eredivisie,AFC Ajax vs NEC Nijmegen,AFC Ajax,Cards,2.53,2; 3; 3; 5; 1,,,,,
2026-10-10T19:00:00.000Z,Eredivisie,AFC Ajax vs NEC Nijmegen,NEC Nijmegen,Cards,1.67,2; 0; 3; 1; 1; 4; 0,,,,,
2026-10-10T18:00:00.000Z,Eredivisie,Fortuna Sittard vs FC Twente,Fortuna Sittard,Corners,2.4,0; 6; 1; 2; 0; 3; 3,,,,,
2026-10-10T18:00:00.000Z,Eredivisie,Fortuna Sittard vs FC Twente,FC Twente,Corners,9.24,8; 6; 9; 2; 9; 12; 6,,,,,
2026-10-10T18:00:00.000Z,Eredivisie,Fortuna Sittard vs FC Twente,Fortuna Sittard,Cards,1.67,1; 0; 0; 4; 4; 1; 1,,,,,
2026-10-10T18:00:00.000Z,Eredivisie,Fortuna Sittard vs FC Twente,FC Twente,Cards,1.27,1; 1; 1; 1; 1; 1,,,,,
2026-10-10T16:45:00.000Z,Eredivisie,Feyenoord vs AZ Alkmaar,Feyenoord,Corners,4.32,10; 6; 3; 11; 1; 6; 6,,,,,
2026-10-10T16:45:00.000Z,Eredivisie,Feyenoord vs AZ Alkmaar,AZ Alkmaar,Corners,6.02,9; 9; 15; 8; 3; 11; 5,,,,,
2026-10-10T16:45:00.000Z,Eredivisie,Feyenoord vs AZ Alkmaar,Feyenoord,Cards,1.4,1; 1; 0; 2; 2,,,,,
2026-10-10T16:45:00.000Z,Eredivisie,Feyenoord vs AZ Alkmaar,AZ Alkmaar,Cards,1.26,0; 2; 1; 2; 0; 1,,,,,
2026-10-10T14:30:00.000Z,Eredivisie,Go Ahead Eagles vs Sparta Rotterdam,Go Ahead Eagles,Corners,7.16,6; 6; 5; 4; 5; 9; 7,,,,,
2026-10-10T14:30:00.000Z,Eredivisie,Go Ahead Eagles vs Sparta Rotterdam,Sparta Rotterdam,Corners,5.15,5; 5; 5; 4; 15; 5; 3,,,,,
2026-10-10T14:30:00.000Z,Eredivisie,Go Ahead Eagles vs Sparta Rotterdam,Go Ahead Eagles,Cards,1.54,2; 1; 1; 1; 2,,,,,
2026-10-10T14:30:00.000Z,Eredivisie,Go Ahead Eagles vs Sparta Rotterdam,Sparta Rotterdam,Cards,1.49,3; 1; 1; 0; 1; 2,,,,,
2026-10-09T15:00:00.000Z,Eredivisie,PSV Eindhoven vs SC Heerenveen,PSV Eindhoven,Corners,7.21,9; 7; 9; 13; 1; 9; 5,,,,,
2026-10-09T15:00:00.000Z,Eredivisie,PSV Eindhoven vs SC Heerenveen,SC Heerenveen,Corners,3.23,4; 2; 5; 7; 4; 8; 6,,,,,
2026-10-09T15:00:00.000Z,Eredivisie,PSV Eindhoven vs SC Heerenveen,PSV Eindhoven,Cards,1.75,1; 0; 1; 1; 6; 1; 2,,,,,
2026-10-09T15:00:00.000Z,Eredivisie,PSV Eindhoven vs SC Heerenveen,SC Heerenveen,Cards,1.37,2; 1; 1; 1; 2; 0,,,,,
2026-10-11T19:30:00.000Z,Liga Portugal Betclic,FC Arouca vs CF Estrela Amadora,FC Arouca,Corners,3.13,2; 5; 2; 2; 2; 5; 2,,,,,
2026-10-11T19:30:00.000Z,Liga Portugal Betclic,FC Arouca vs CF Estrela Amadora,CF Estrela Amadora,Corners,4.42,5; 0; 3; 5; 5; 5; 5,,,,,
2026-10-11T19:30:00.000Z,Liga Portugal Betclic,FC Arouca vs CF Estrela Amadora,FC Arouca,Cards,2.45,5; 3; 0; 2; 1; 3; 5,,,,,
2026-10-11T19:30:00.000Z,Liga Portugal Betclic,FC Arouca vs CF Estrela Amadora,CF Estrela Amadora,Cards,2.26,2; 4; 1; 3; 2; 3; 2,,,,,
2026-10-11T17:00:00.000Z,Liga Portugal Betclic,Benfica vs Vitória SC,Benfica,Corners,4.59,10; 3; 9; 5; 7; 14; 3,,,,,
2026-10-11T17:00:00.000Z,Liga Portugal Betclic,Benfica vs Vitória SC,Vitória SC,Corners,2.96,5; 1; 4; 2; 17; 8; 3,,,,,
2026-10-11T17:00:00.000Z,Liga Portugal Betclic,Benfica vs Vitória SC,Benfica,Cards,1.96,2; 0; 0; 3; 2; 2; 5,,,,,
2026-10-11T17:00:00.000Z,Liga Portugal Betclic,Benfica vs Vitória SC,Vitória SC,Cards,2.43,2; 4; 2; 3; 2; 3,,,,,
2026-10-11T14:30:00.000Z,Liga Portugal Betclic,Rio Ave vs CD Nacional,Rio Ave,Corners,3.33,2; 6; 3; 2; 2; 4; 3,,,,,
2026-10-11T14:30:00.000Z,Liga Portugal Betclic,Rio Ave vs CD Nacional,CD Nacional,Corners,4.7,4; 7; 3; 4; 0; 2; 7,,,,,
2026-10-11T14:30:00.000Z,Liga Portugal Betclic,Rio Ave vs CD Nacional,Rio Ave,Cards,1.73,3; 1; 1; 1; 2; 2,,,,,
2026-10-11T14:30:00.000Z,Liga Portugal Betclic,Rio Ave vs CD Nacional,CD Nacional,Cards,1.66,2; 2; 1; 2; 1; 0; 3,,,,,
2026-10-10T19:30:00.000Z,Liga Portugal Betclic,Académico Viseu FC vs Estoril Praia,Académico Viseu FC,Corners,3.39,2; 4; 5; 1; 1; 4; 2,,,,,
2026-10-10T19:30:00.000Z,Liga Portugal Betclic,Académico Viseu FC vs Estoril Praia,Estoril Praia,Corners,5.07,7; 4; 6; 0; 8; 2; 7,,,,,
2026-10-10T19:30:00.000Z,Liga Portugal Betclic,Académico Viseu FC vs Estoril Praia,Académico Viseu FC,Cards,2.9,4; 1; 6; 2; 4; 3,,,,,
2026-10-10T19:30:00.000Z,Liga Portugal Betclic,Académico Viseu FC vs Estoril Praia,Estoril Praia,Cards,2.37,1; 4; 1; 1; 4; 4; 3,,,,,
2026-10-10T17:00:00.000Z,Liga Portugal Betclic,Marítimo vs FC Porto,Marítimo,Corners,3.01,2; 1; 4; 3; 3; 5; 3,,,,,
2026-10-10T17:00:00.000Z,Liga Portugal Betclic,Marítimo vs FC Porto,FC Porto,Corners,5.65,7; 6; 12; 1; 9; 10; 3,,,,,
2026-10-10T17:00:00.000Z,Liga Portugal Betclic,Marítimo vs FC Porto,Marítimo,Cards,1.87,2; 2; 2; 1; 2; 3; 1,,,,,
2026-10-10T17:00:00.000Z,Liga Portugal Betclic,Marítimo vs FC Porto,FC Porto,Cards,1.4,0; 1; 1; 1; 3,,,,,
2026-10-10T14:30:00.000Z,Liga Portugal Betclic,Casa Pia vs Santa Clara,Casa Pia,Corners,4.73,6; 1; 4; 5; 4; 5; 4,,,,,
2026-10-10T14:30:00.000Z,Liga Portugal Betclic,Casa Pia vs Santa Clara,Santa Clara,Corners,4.73,4; 2; 1; 4; 8; 2; 5,,,,,
2026-10-10T14:30:00.000Z,Liga Portugal Betclic,Casa Pia vs Santa Clara,Casa Pia,Cards,2.06,2; 3; 1; 1; 2; 4; 2,,,,,
2026-10-10T14:30:00.000Z,Liga Portugal Betclic,Casa Pia vs Santa Clara,Santa Clara,Cards,2.37,2; 3; 1; 2; 1; 5; 4,,,,,
2026-10-10T11:00:00.000Z,Liga Portugal Betclic,Famalicão vs FC Alverca,Famalicão,Corners,3.8,6; 5; 9; 6; 5; 4; 3,,,,,
2026-10-10T11:00:00.000Z,Liga Portugal Betclic,Famalicão vs FC Alverca,FC Alverca,Corners,4.28,9; 2; 4; 10; 2; 0; 8,,,,,
2026-10-10T11:00:00.000Z,Liga Portugal Betclic,Famalicão vs FC Alverca,Famalicão,Cards,2.07,2; 1; 3; 2; 2; 2; 3,,,,,
2026-10-10T11:00:00.000Z,Liga Portugal Betclic,Famalicão vs FC Alverca,FC Alverca,Cards,2.17,4; 2; 3; 1; 1; 3; 2,,,,,
2026-10-09T19:15:00.000Z,Liga Portugal Betclic,Sporting Braga vs Sporting,Sporting Braga,Corners,2.86,2; 2; 2; 9; 4; 5,,,,,
2026-10-09T19:15:00.000Z,Liga Portugal Betclic,Sporting Braga vs Sporting,Sporting,Corners,3.89,4; 5; 3; 3; 12; 4; 4,,,,,
2026-10-09T19:15:00.000Z,Liga Portugal Betclic,Sporting Braga vs Sporting,Sporting Braga,Cards,1.97,2; 2; 4; 1; 0; 3,,,,,
2026-10-09T19:15:00.000Z,Liga Portugal Betclic,Sporting Braga vs Sporting,Sporting,Cards,2.37,2; 4; 1; 1; 2; 4; 4,,,,,
2026-10-09T17:45:00.000Z,Liga Portugal Betclic,Moreirense vs Gil Vicente,Moreirense,Corners,3.17,4; 3; 1; 1; 3; 3; 0,,,,,
2026-10-09T17:45:00.000Z,Liga Portugal Betclic,Moreirense vs Gil Vicente,Gil Vicente,Corners,4.15,5; 3; 3; 7; 0,,,,,
2026-10-09T17:45:00.000Z,Liga Portugal Betclic,Moreirense vs Gil Vicente,Moreirense,Cards,2.68,4; 4; 3; 2; 4; 1,,,,,
2026-10-09T17:45:00.000Z,Liga Portugal Betclic,Moreirense vs Gil Vicente,Gil Vicente,Cards,1.84,1; 1; 4; 0; 3,,,,,
2026-10-12T19:00:00.000Z,LaLiga,Levante UD vs Sevilla,Levante UD,Corners,2.93,1; 4; 5; 4; 3; 1,,,,,
2026-10-12T19:00:00.000Z,LaLiga,Levante UD vs Sevilla,Sevilla,Corners,4.22,1; 3; 4; 4; 6; 4; 1,,,,,
2026-10-12T19:00:00.000Z,LaLiga,Levante UD vs Sevilla,Levante UD,Cards,1.3,0; 1; 1; 2; 1; 1,,,,,
2026-10-12T19:00:00.000Z,LaLiga,Levante UD vs Sevilla,Sevilla,Cards,2.47,4; 4; 2; 3; 1; 4; 1,,,,,
2026-10-11T19:00:00.000Z,LaLiga,Racing de Santander vs Valencia,Racing de Santander,Corners,3.67,6; 6; 5; 6; 4; 0; 3,,,,,
2026-10-11T19:00:00.000Z,LaLiga,Racing de Santander vs Valencia,Valencia,Corners,7.23,1; 8; 5; 1; 4; 5; 7,,,,,
2026-10-11T19:00:00.000Z,LaLiga,Racing de Santander vs Valencia,Racing de Santander,Cards,2.38,2; 3; 2; 2; 2; 2; 5,,,,,
2026-10-11T19:00:00.000Z,LaLiga,Racing de Santander vs Valencia,Valencia,Cards,1.98,2; 2; 1; 1; 2; 4; 2,,,,,
2026-10-11T19:00:00.000Z,LaLiga,Elche vs Celta Vigo,Elche,Corners,4.39,6; 3; 10; 6; 1; 2; 3,,,,,
2026-10-11T19:00:00.000Z,LaLiga,Elche vs Celta Vigo,Celta Vigo,Corners,3.4,2; 5; 4; 3; 5; 1; 3,,,,,
2026-10-11T19:00:00.000Z,LaLiga,Elche vs Celta Vigo,Elche,Cards,2.28,2; 1; 1; 4; 3; 4; 2,,,,,
2026-10-11T19:00:00.000Z,LaLiga,Elche vs Celta Vigo,Celta Vigo,Cards,1.78,3; 1; 0; 3; 2; 1; 2,,,,,
2026-10-11T16:30:00.000Z,LaLiga,Real Betis vs Osasuna,Real Betis,Corners,4.47,4; 2; 8; 6; 4; 4; 5,,,,,
2026-10-11T16:30:00.000Z,LaLiga,Real Betis vs Osasuna,Osasuna,Corners,4.56,9; 3; 1; 1; 3; 0; 4,,,,,
2026-10-11T16:30:00.000Z,LaLiga,Real Betis vs Osasuna,Real Betis,Cards,1.58,3; 1; 1; 3; 0; 1; 1,,,,,
2026-10-11T16:30:00.000Z,LaLiga,Real Betis vs Osasuna,Osasuna,Cards,2.28,2; 1; 5; 2; 2; 2; 3,,,,,
2026-10-11T14:15:00.000Z,LaLiga,Real Sociedad vs Deportivo La Coruña,Real Sociedad,Corners,6.82,5; 7; 7; 11; 7; 9; 5,,,,,
2026-10-11T14:15:00.000Z,LaLiga,Real Sociedad vs Deportivo La Coruña,Deportivo La Coruña,Corners,4.38,2; 4; 5; 1; 7; 4; 11,,,,,
2026-10-11T14:15:00.000Z,LaLiga,Real Sociedad vs Deportivo La Coruña,Real Sociedad,Cards,2.18,3; 3; 2; 2; 1; 2; 3,,,,,
2026-10-11T14:15:00.000Z,LaLiga,Real Sociedad vs Deportivo La Coruña,Deportivo La Coruña,Cards,1.88,2; 4; 2; 2; 1; 1; 1,,,,,
2026-10-10T19:00:00.000Z,LaLiga,Real Madrid vs Villarreal,Real Madrid,Corners,5.14,8; 4; 9; 10; 11; 5; 1,,,,,
2026-10-10T19:00:00.000Z,LaLiga,Real Madrid vs Villarreal,Villarreal,Corners,5.78,10; 3; 9; 7; 7; 8; 7,,,,,
2026-10-10T19:00:00.000Z,LaLiga,Real Madrid vs Villarreal,Real Madrid,Cards,1.77,1; 3; 0; 4; 0; 2; 2,,,,,
2026-10-10T19:00:00.000Z,LaLiga,Real Madrid vs Villarreal,Villarreal,Cards,1.77,4; 2; 1; 2; 1; 1; 1,,,,,
2026-10-10T16:30:00.000Z,LaLiga,Barcelona vs Getafe,Barcelona,Corners,6.97,1; 12; 9; 4; 5; 18; 3,,,,,
2026-10-10T16:30:00.000Z,LaLiga,Barcelona vs Getafe,Getafe,Corners,2.83,3; 8; 3; 3; 3; 3; 5,,,,,
2026-10-10T16:30:00.000Z,LaLiga,Barcelona vs Getafe,Barcelona,Cards,1.38,0; 1; 0; 3; 1; 3; 0,,,,,
2026-10-10T16:30:00.000Z,LaLiga,Barcelona vs Getafe,Getafe,Cards,2.98,3; 1; 4; 4; 3; 5; 4,,,,,
2026-10-10T14:15:00.000Z,LaLiga,Deportivo Alavés vs Atlético Madrid,Deportivo Alavés,Corners,3.24,5; 7; 5; 4; 6; 2; 1,,,,,
2026-10-10T14:15:00.000Z,LaLiga,Deportivo Alavés vs Atlético Madrid,Atlético Madrid,Corners,5.11,6; 5; 2; 8; 3; 8; 3,,,,,
2026-10-10T14:15:00.000Z,LaLiga,Deportivo Alavés vs Atlético Madrid,Deportivo Alavés,Cards,1.98,4; 2; 3; 1; 3; 1; 0,,,,,
2026-10-10T14:15:00.000Z,LaLiga,Deportivo Alavés vs Atlético Madrid,Atlético Madrid,Cards,1.78,2; 3; 2; 1; 1; 1; 2,,,,,
2026-10-10T12:00:00.000Z,LaLiga,Rayo Vallecano vs Athletic Club,Rayo Vallecano,Corners,5.1,2; 9; 5; 9; 5; 3; 4,,,,,
2026-10-10T12:00:00.000Z,LaLiga,Rayo Vallecano vs Athletic Club,Athletic Club,Corners,6.72,10; 5; 7; 3; 7; 5,,,,,
2026-10-10T12:00:00.000Z,LaLiga,Rayo Vallecano vs Athletic Club,Rayo Vallecano,Cards,2.28,4; 1; 1; 3; 1; 5; 2,,,,,
2026-10-10T12:00:00.000Z,LaLiga,Rayo Vallecano vs Athletic Club,Athletic Club,Cards,1.98,2; 2; 3; 0; 3; 2,,,,,
2026-10-09T19:00:00.000Z,LaLiga,Málaga vs Espanyol,Málaga,Corners,4.67,1; 7; 6; 6; 5; 4; 9,,,,,
2026-10-09T19:00:00.000Z,LaLiga,Málaga vs Espanyol,Espanyol,Corners,3.12,0; 0; 3; 0; 4; 5; 3,,,,,
2026-10-09T19:00:00.000Z,LaLiga,Málaga vs Espanyol,Málaga,Cards,2.38,3; 1; 2; 4; 1; 5; 2,,,,,
2026-10-09T19:00:00.000Z,LaLiga,Málaga vs Espanyol,Espanyol,Cards,2.59,3; 5; 4; 2; 3; 1; 2,,,,,
2026-10-11T23:00:00.000Z,MLS,St.Louis City vs LA Galaxy,St.Louis City,Corners,4.48,1; 6; 2; 2; 6; 8; 3,,,,,
2026-10-11T23:00:00.000Z,MLS,St.Louis City vs LA Galaxy,LA Galaxy,Corners,5.61,5; 7; 5; 5; 5; 8; 5,,,,,
2026-10-11T23:00:00.000Z,MLS,St.Louis City vs LA Galaxy,St.Louis City,Cards,2.08,4; 1; 3; 4; 0; 2; 1,,,,,
2026-10-11T23:00:00.000Z,MLS,St.Louis City vs LA Galaxy,LA Galaxy,Cards,1.49,0; 2; 2; 3; 0; 1; 1,,,,,
2026-10-11T02:30:00.000Z,MLS,Los Angeles FC vs Vancouver Whitecaps,Los Angeles FC,Corners,5.89,12; 8; 8; 9; 13; 3; 2,,,,,
2026-10-11T02:30:00.000Z,MLS,Los Angeles FC vs Vancouver Whitecaps,Vancouver Whitecaps,Corners,6.48,9; 4; 6; 7; 6; 7; 7,,,,,
2026-10-11T02:30:00.000Z,MLS,Los Angeles FC vs Vancouver Whitecaps,Los Angeles FC,Cards,1.98,2; 0; 2; 2; 2; 4,,,,,
2026-10-11T02:30:00.000Z,MLS,Los Angeles FC vs Vancouver Whitecaps,Vancouver Whitecaps,Cards,2.08,1; 2; 4; 1; 2; 5; 0,,,,,
2026-10-11T01:30:00.000Z,MLS,Colorado Rapids vs San Jose Earthquakes,Colorado Rapids,Corners,4.53,3; 7; 3; 4; 5; 4; 6,,,,,
2026-10-11T01:30:00.000Z,MLS,Colorado Rapids vs San Jose Earthquakes,San Jose Earthquakes,Corners,4.31,3; 4; 7; 3; 1; 17; 5,,,,,
2026-10-11T01:30:00.000Z,MLS,Colorado Rapids vs San Jose Earthquakes,Colorado Rapids,Cards,2.08,3; 3; 0; 2; 2; 2; 3,,,,,
2026-10-11T01:30:00.000Z,MLS,Colorado Rapids vs San Jose Earthquakes,San Jose Earthquakes,Cards,2.19,1; 1; 1; 6; 3; 2; 2,,,,,
2026-10-11T00:30:00.000Z,MLS,Minnesota United vs Houston Dynamo,Minnesota United,Corners,4.06,3; 8; 3; 2; 5; 5; 7,,,,,
2026-10-11T00:30:00.000Z,MLS,Minnesota United vs Houston Dynamo,Houston Dynamo,Corners,4.63,5; 7; 6; 1; 3; 3; 8,,,,,
2026-10-11T00:30:00.000Z,MLS,Minnesota United vs Houston Dynamo,Minnesota United,Cards,1.89,0; 2; 3; 2; 3; 1; 2,,,,,
2026-10-11T00:30:00.000Z,MLS,Minnesota United vs Houston Dynamo,Houston Dynamo,Cards,1.75,3; 0; 4; 1; 1; 1,,,,,
2026-10-11T00:30:00.000Z,MLS,Sporting Kansas City vs Portland Timbers,Sporting Kansas City,Corners,4.72,6; 1; 7; 6; 3; 2; 6,,,,,
2026-10-11T00:30:00.000Z,MLS,Sporting Kansas City vs Portland Timbers,Portland Timbers,Corners,6.41,0; 6; 4; 9; 5; 5; 9,,,,,
2026-10-11T00:30:00.000Z,MLS,Sporting Kansas City vs Portland Timbers,Sporting Kansas City,Cards,2.08,1; 2; 2; 2; 3; 4; 1,,,,,
2026-10-11T00:30:00.000Z,MLS,Sporting Kansas City vs Portland Timbers,Portland Timbers,Cards,1.49,3; 1; 1; 1; 0; 2; 1,,,,,
2026-10-11T00:30:00.000Z,MLS,Austin FC vs Nashville SC,Austin FC,Corners,3.45,6; 3; 7; 8; 0; 6; 4,,,,,
2026-10-11T00:30:00.000Z,MLS,Austin FC vs Nashville SC,Nashville SC,Corners,6.08,8; 6; 3; 8; 3; 5; 9,,,,,
2026-10-11T00:30:00.000Z,MLS,Austin FC vs Nashville SC,Austin FC,Cards,1.98,1; 4; 1; 0; 5; 2; 1,,,,,
2026-10-11T00:30:00.000Z,MLS,Austin FC vs Nashville SC,Nashville SC,Cards,1.78,1; 3; 4; 0; 2; 1; 1,,,,,
2026-10-10T23:30:00.000Z,MLS,Philadelphia Union vs Real Salt Lake,Philadelphia Union,Corners,6.44,6; 7; 6; 7; 4; 4; 7,,,,,
2026-10-10T23:30:00.000Z,MLS,Philadelphia Union vs Real Salt Lake,Real Salt Lake,Corners,4.64,1; 5; 4; 10; 6; 6; 1,,,,,
2026-10-10T23:30:00.000Z,MLS,Philadelphia Union vs Real Salt Lake,Philadelphia Union,Cards,2.19,2; 2; 4; 0; 2; 4; 2,,,,,
2026-10-10T23:30:00.000Z,MLS,Philadelphia Union vs Real Salt Lake,Real Salt Lake,Cards,2.59,5; 3; 4; 2; 2; 2; 2,,,,,
2026-10-10T23:30:00.000Z,MLS,Orlando City SC vs Columbus Crew,Orlando City SC,Corners,3.98,5; 1; 6; 5; 4; 3; 7,,,,,
2026-10-10T23:30:00.000Z,MLS,Orlando City SC vs Columbus Crew,Columbus Crew,Corners,5.14,1; 5; 1; 5; 7; 1; 9,,,,,
2026-10-10T23:30:00.000Z,MLS,Orlando City SC vs Columbus Crew,Orlando City SC,Cards,2.08,1; 2; 3; 2; 3; 0; 4,,,,,
2026-10-10T23:30:00.000Z,MLS,Orlando City SC vs Columbus Crew,Columbus Crew,Cards,2.08,1; 1; 4; 2; 2; 1; 4,,,,,
2026-10-10T23:30:00.000Z,MLS,New York Red Bulls vs San Diego FC,New York Red Bulls,Corners,4.26,3; 4; 7; 3; 3; 7; 4,,,,,
2026-10-10T23:30:00.000Z,MLS,New York Red Bulls vs San Diego FC,San Diego FC,Corners,4.9,2; 7; 4; 1; 11; 1; 1,,,,,
2026-10-10T23:30:00.000Z,MLS,New York Red Bulls vs San Diego FC,New York Red Bulls,Cards,1.89,1; 1; 3; 2; 2; 3; 1,,,,,
2026-10-10T23:30:00.000Z,MLS,New York Red Bulls vs San Diego FC,San Diego FC,Cards,1.99,0; 5; 2; 4; 2; 1; 0,,,,,
2026-10-10T23:30:00.000Z,MLS,New England Revolution vs Seattle Sounders FC,New England Revolution,Corners,6.18,6; 5; 3; 4; 0; 10; 11,,,,,
2026-10-10T23:30:00.000Z,MLS,New England Revolution vs Seattle Sounders FC,Seattle Sounders FC,Corners,6.99,4; 9; 3; 6; 7; 5; 11,,,,,
2026-10-10T23:30:00.000Z,MLS,New England Revolution vs Seattle Sounders FC,New England Revolution,Cards,2.08,1; 1; 3; 2; 2; 4; 2,,,,,
2026-10-10T23:30:00.000Z,MLS,New England Revolution vs Seattle Sounders FC,Seattle Sounders FC,Cards,1.69,1; 1; 2; 0; 4; 2; 1,,,,,
2026-10-10T23:30:00.000Z,MLS,Inter Miami CF vs DC United,Inter Miami CF,Corners,4.85,3; 6; 6; 5; 4; 4; 1,,,,,
2026-10-10T23:30:00.000Z,MLS,Inter Miami CF vs DC United,DC United,Corners,4.76,4; 9; 5; 3; 4; 4; 10,,,,,
2026-10-10T23:30:00.000Z,MLS,Inter Miami CF vs DC United,Inter Miami CF,Cards,2.99,2; 1; 6; 3; 3; 2; 7,,,,,
2026-10-10T23:30:00.000Z,MLS,Inter Miami CF vs DC United,DC United,Cards,2.11,1; 3; 3; 3; 2; 1,,,,,
2026-10-10T23:30:00.000Z,MLS,Charlotte FC vs FC Dallas,Charlotte FC,Corners,4.9,4; 7; 8; 3; 3; 3; 4,,,,,
2026-10-10T23:30:00.000Z,MLS,Charlotte FC vs FC Dallas,FC Dallas,Corners,7.11,3; 3; 3; 6; 8; 8; 2,,,,,
2026-10-10T23:30:00.000Z,MLS,Charlotte FC vs FC Dallas,Charlotte FC,Cards,2.39,2; 1; 5; 1; 1; 2; 6,,,,,
2026-10-10T23:30:00.000Z,MLS,Charlotte FC vs FC Dallas,FC Dallas,Cards,1.89,4; 2; 0; 2; 1; 2; 2,,,,,
2026-10-10T23:30:00.000Z,MLS,Atlanta United vs FC Cincinnati,Atlanta United,Corners,5.26,2; 11; 6; 7; 8; 3; 4,,,,,
2026-10-10T23:30:00.000Z,MLS,Atlanta United vs FC Cincinnati,FC Cincinnati,Corners,5.71,2; 9; 4; 1; 12; 7; 6,,,,,
2026-10-10T23:30:00.000Z,MLS,Atlanta United vs FC Cincinnati,Atlanta United,Cards,1.79,2; 1; 3; 1; 2; 2; 1,,,,,
2026-10-10T23:30:00.000Z,MLS,Atlanta United vs FC Cincinnati,FC Cincinnati,Cards,1.99,3; 1; 2; 2; 2; 2,,,,,
2026-10-10T18:30:00.000Z,MLS,Chicago Fire vs New York City FC,Chicago Fire,Corners,5.61,2; 7; 3; 2; 13; 2; 6,,,,,
2026-10-10T18:30:00.000Z,MLS,Chicago Fire vs New York City FC,New York City FC,Corners,3.87,4; 2; 3; 12; 1; 6; 3,,,,,
2026-10-10T18:30:00.000Z,MLS,Chicago Fire vs New York City FC,Chicago Fire,Cards,1.69,2; 0; 2; 2; 2; 1; 2,,,,,
2026-10-10T18:30:00.000Z,MLS,Chicago Fire vs New York City FC,New York City FC,Cards,1.69,1; 3; 2; 0; 2; 2; 1,,,,,
2026-10-10T17:00:00.000Z,MLS,Toronto FC vs CF Montréal,Toronto FC,Corners,4.04,2; 7; 6; 3; 3; 4; 3,,,,,
2026-10-10T17:00:00.000Z,MLS,Toronto FC vs CF Montréal,CF Montréal,Corners,5.1,6; 6; 1; 11; 1; 5; 4,,,,,
2026-10-10T17:00:00.000Z,MLS,Toronto FC vs CF Montréal,Toronto FC,Cards,1.69,1; 3; 2; 1; 2; 2; 0,,,,,
2026-10-10T17:00:00.000Z,MLS,Toronto FC vs CF Montréal,CF Montréal,Cards,2.09,2; 2; 4; 2; 1; 2; 2,,,,,
2026-10-07T00:30:00.000Z,MLS,Chicago Fire vs Vancouver Whitecaps,Chicago Fire,Corners,4.2,2; 7; 3; 2; 13; 2; 6,,,,,
2026-10-07T00:30:00.000Z,MLS,Chicago Fire vs Vancouver Whitecaps,Vancouver Whitecaps,Corners,5.13,9; 4; 6; 7; 6; 7; 7,,,,,
2026-10-07T00:30:00.000Z,MLS,Chicago Fire vs Vancouver Whitecaps,Chicago Fire,Cards,1.69,2; 0; 2; 2; 2; 1; 2,,,,,
2026-10-07T00:30:00.000Z,MLS,Chicago Fire vs Vancouver Whitecaps,Vancouver Whitecaps,Cards,2.09,1; 2; 4; 1; 2; 5; 0,,,,,
2026-10-11T14:30:00.000Z,Swiss Super League,FC Vaduz vs Basel,FC Vaduz,Corners,5.42,5; 4; 5; 4; 7; 2; 3,,,,,
2026-10-11T14:30:00.000Z,Swiss Super League,FC Vaduz vs Basel,Basel,Corners,4.27,1; 6; 3; 4; 1; 3; 5,,,,,
2026-10-11T14:30:00.000Z,Swiss Super League,FC Vaduz vs Basel,FC Vaduz,Cards,2.29,4; 4; 2; 4; 0; 2; 1,,,,,
2026-10-11T14:30:00.000Z,Swiss Super League,FC Vaduz vs Basel,Basel,Cards,2.59,1; 7; 2; 3; 1; 2; 4,,,,,
2026-10-11T14:30:00.000Z,Swiss Super League,FC St. Gallen 1879 vs FC Lausanne-Sport,FC St. Gallen 1879,Corners,7.14,6; 6; 14; 4; 10; 8; 7,,,,,
2026-10-11T14:30:00.000Z,Swiss Super League,FC St. Gallen 1879 vs FC Lausanne-Sport,FC Lausanne-Sport,Corners,3.78,3; 2; 6; 2; 3; 12; 1,,,,,
2026-10-11T14:30:00.000Z,Swiss Super League,FC St. Gallen 1879 vs FC Lausanne-Sport,FC St. Gallen 1879,Cards,1.99,2; 2; 2; 2; 2; 3; 1,,,,,
2026-10-11T14:30:00.000Z,Swiss Super League,FC St. Gallen 1879 vs FC Lausanne-Sport,FC Lausanne-Sport,Cards,2.39,3; 4; 2; 1; 4; 1; 3,,,,,
2026-10-11T12:00:00.000Z,Swiss Super League,Grasshopper Club Zürich vs Young Boys,Grasshopper Club Zürich,Corners,4.64,5; 9; 7; 8; 5; 1; 8,,,,,
2026-10-11T12:00:00.000Z,Swiss Super League,Grasshopper Club Zürich vs Young Boys,Young Boys,Corners,7.42,2; 6; 9; 3; 8; 4; 10,,,,,
2026-10-11T12:00:00.000Z,Swiss Super League,Grasshopper Club Zürich vs Young Boys,Grasshopper Club Zürich,Cards,2.29,5; 1; 1; 2; 3; 3; 2,,,,,
2026-10-11T12:00:00.000Z,Swiss Super League,Grasshopper Club Zürich vs Young Boys,Young Boys,Cards,2.2,3; 0; 3; 3; 4; 2; 1,,,,,
2026-10-10T16:00:00.000Z,Swiss Super League,Servette FC vs FC Sion,Servette FC,Corners,5.09,7; 13; 3; 2; 2; 5; 6,,,,,
2026-10-10T16:00:00.000Z,Swiss Super League,Servette FC vs FC Sion,FC Sion,Corners,7.68,6; 8; 7; 11; 2; 5; 5,,,,,
2026-10-10T16:00:00.000Z,Swiss Super League,Servette FC vs FC Sion,Servette FC,Cards,2.39,2; 4; 2; 2; 2; 4; 2,,,,,
2026-10-10T16:00:00.000Z,Swiss Super League,Servette FC vs FC Sion,FC Sion,Cards,1.88,2; 0; 2; 3; 1; 3,,,,,
2026-10-10T16:00:00.000Z,Swiss Super League,FC Zürich vs FC Thun,FC Zürich,Corners,4.42,2; 4; 6; 3; 4; 7; 5,,,,,
2026-10-10T16:00:00.000Z,Swiss Super League,FC Zürich vs FC Thun,FC Thun,Corners,5.5,5; 1; 6; 4; 10; 7; 7,,,,,
2026-10-10T16:00:00.000Z,Swiss Super League,FC Zürich vs FC Thun,FC Zürich,Cards,2.7,3; 4; 3; 2; 6; 0,,,,,
2026-10-10T16:00:00.000Z,Swiss Super League,FC Zürich vs FC Thun,FC Thun,Cards,2.49,3; 2; 3; 2; 3; 2; 4,,,,,
2026-10-10T16:00:00.000Z,Swiss Super League,FC Lugano vs FC Luzern,FC Lugano,Corners,6.38,5; 4; 11; 7; 4; 2; 6,,,,,
2026-10-10T16:00:00.000Z,Swiss Super League,FC Lugano vs FC Luzern,FC Luzern,Corners,4.04,9; 7; 1; 3; 2; 6; 5,,,,,
2026-10-10T16:00:00.000Z,Swiss Super League,FC Lugano vs FC Luzern,FC Lugano,Cards,2.5,0; 3; 2; 5; 3; 3; 3,,,,,
2026-10-10T16:00:00.000Z,Swiss Super League,FC Lugano vs FC Luzern,FC Luzern,Cards,2.7,6; 2; 0; 5; 5; 1; 2,,,,,
2026-10-12T17:00:00.000Z,Danish Superliga,AGF vs Sønderjyske Fodbold,AGF,Corners,7.25,10; 15; 5; 8; 8; 4; 2,,,,,
2026-10-12T17:00:00.000Z,Danish Superliga,AGF vs Sønderjyske Fodbold,Sønderjyske Fodbold,Corners,2.63,4; 1; 6; 3; 1; 6; 5,,,,,
2026-10-12T17:00:00.000Z,Danish Superliga,AGF vs Sønderjyske Fodbold,AGF,Cards,1.6,1; 0; 2; 2; 1; 2; 2,,,,,
2026-10-12T17:00:00.000Z,Danish Superliga,AGF vs Sønderjyske Fodbold,Sønderjyske Fodbold,Cards,2.1,1; 4; 2; 1; 3; 1; 3,,,,,
2026-10-11T16:00:00.000Z,Danish Superliga,FC Midtjylland vs FC København,FC Midtjylland,Corners,3.9,5; 10; 7; 5; 4; 6; 2,,,,,
2026-10-11T16:00:00.000Z,Danish Superliga,FC Midtjylland vs FC København,FC København,Corners,4.62,4; 6; 7; 2; 2; 7; 4,,,,,
2026-10-11T16:00:00.000Z,Danish Superliga,FC Midtjylland vs FC København,FC Midtjylland,Cards,2.0,3; 1; 3; 1; 1; 3,,,,,
2026-10-11T16:00:00.000Z,Danish Superliga,FC Midtjylland vs FC København,FC København,Cards,1.7,0; 3; 1; 3; 2; 1; 1,,,,,
2026-10-11T14:00:00.000Z,Danish Superliga,FC Nordsjælland vs Odense Boldklub,FC Nordsjælland,Corners,4.12,8; 4; 4; 0; 3; 2; 5,,,,,
2026-10-11T14:00:00.000Z,Danish Superliga,FC Nordsjælland vs Odense Boldklub,Odense Boldklub,Corners,4.86,3; 9; 0; 6; 6; 11; 9,,,,,
2026-10-11T14:00:00.000Z,Danish Superliga,FC Nordsjælland vs Odense Boldklub,FC Nordsjælland,Cards,2.0,2; 2; 3; 2; 1; 2; 2,,,,,
2026-10-11T14:00:00.000Z,Danish Superliga,FC Nordsjælland vs Odense Boldklub,Odense Boldklub,Cards,2.5,3; 1; 6; 4; 2; 1; 2,,,,,
2026-10-11T14:00:00.000Z,Danish Superliga,Brøndby IF vs Lyngby,Brøndby IF,Corners,5.07,6; 10; 9; 5; 8; 2; 1,,,,,
2026-10-11T14:00:00.000Z,Danish Superliga,Brøndby IF vs Lyngby,Lyngby,Corners,5.02,9; 3; 9; 4; 5; 6; 7,,,,,
2026-10-11T14:00:00.000Z,Danish Superliga,Brøndby IF vs Lyngby,Brøndby IF,Cards,2.0,2; 2; 3; 1; 1; 4; 1,,,,,
2026-10-11T14:00:00.000Z,Danish Superliga,Brøndby IF vs Lyngby,Lyngby,Cards,2.2,1; 2; 3; 4; 1; 1; 4,,,,,
2026-10-11T12:00:00.000Z,Danish Superliga,Silkeborg IF vs AC Horsens,Silkeborg IF,Corners,4.32,6; 1; 5; 4; 3; 4; 1,,,,,
2026-10-11T12:00:00.000Z,Danish Superliga,Silkeborg IF vs AC Horsens,AC Horsens,Corners,4.31,3; 3; 2; 3; 1; 4; 3,,,,,
2026-10-11T12:00:00.000Z,Danish Superliga,Silkeborg IF vs AC Horsens,Silkeborg IF,Cards,1.65,1; 2; 3; 0; 1; 2,,,,,
2026-10-11T12:00:00.000Z,Danish Superliga,Silkeborg IF vs AC Horsens,AC Horsens,Cards,2.3,2; 0; 4; 3; 3; 3; 2,,,,,
2026-10-11T12:00:00.000Z,Danish Superliga,Randers FC vs Viborg FF,Randers FC,Corners,4.39,3; 6; 5; 1; 5; 3; 4,,,,,
2026-10-11T12:00:00.000Z,Danish Superliga,Randers FC vs Viborg FF,Viborg FF,Corners,6.59,7; 3; 1; 6; 7; 6; 4,,,,,
2026-10-11T12:00:00.000Z,Danish Superliga,Randers FC vs Viborg FF,Randers FC,Cards,1.8,0; 1; 2; 3; 3; 3; 0,,,,,
2026-10-11T12:00:00.000Z,Danish Superliga,Randers FC vs Viborg FF,Viborg FF,Cards,0.9,0; 0; 0; 1; 1; 1; 0,,,,,
2026-10-12T17:00:00.000Z,Eliteserien,KFUM Oslo vs Vålerenga IF,KFUM Oslo,Corners,4.91,3; 6; 3; 7; 2; 6; 1,,,,,
2026-10-12T17:00:00.000Z,Eliteserien,KFUM Oslo vs Vålerenga IF,Vålerenga IF,Corners,7.09,3; 8; 5; 5; 8; 6; 9,,,,,
2026-10-12T17:00:00.000Z,Eliteserien,KFUM Oslo vs Vålerenga IF,KFUM Oslo,Cards,1.9,0; 3; 1; 4; 2; 1; 2,,,,,
2026-10-12T17:00:00.000Z,Eliteserien,KFUM Oslo vs Vålerenga IF,Vålerenga IF,Cards,1.9,3; 1; 1; 3; 1; 4; 0,,,,,
2026-10-11T17:15:00.000Z,Eliteserien,Lillestrøm SK vs Molde FK,Lillestrøm SK,Corners,4.42,2; 8; 7; 10; 0; 6; 6,,,,,
2026-10-11T17:15:00.000Z,Eliteserien,Lillestrøm SK vs Molde FK,Molde FK,Corners,7.18,5; 12; 3; 2; 9; 2; 10,,,,,
2026-10-11T17:15:00.000Z,Eliteserien,Lillestrøm SK vs Molde FK,Lillestrøm SK,Cards,1.79,2; 1; 3; 2; 1; 2; 1,,,,,
2026-10-11T17:15:00.000Z,Eliteserien,Lillestrøm SK vs Molde FK,Molde FK,Cards,1.9,1; 3; 4; 2; 0; 1; 2,,,,,
2026-10-11T15:00:00.000Z,Eliteserien,IK Start vs HamKam,IK Start,Corners,5.91,6; 6; 6; 6; 6; 9; 4,,,,,
2026-10-11T15:00:00.000Z,Eliteserien,IK Start vs HamKam,HamKam,Corners,4.88,3; 8; 1; 9; 3; 6; 1,,,,,
2026-10-11T15:00:00.000Z,Eliteserien,IK Start vs HamKam,IK Start,Cards,2.0,2; 2; 4; 1; 0; 3,,,,,
2026-10-11T15:00:00.000Z,Eliteserien,IK Start vs HamKam,HamKam,Cards,1.5,1; 2; 1; 2; 2; 0; 1,,,,,
2026-10-11T15:00:00.000Z,Eliteserien,Aalesunds FK vs Sarpsborg 08,Aalesunds FK,Corners,6.6,9; 4; 10; 3; 7; 4; 6,,,,,
2026-10-11T15:00:00.000Z,Eliteserien,Aalesunds FK vs Sarpsborg 08,Sarpsborg 08,Corners,7.46,4; 8; 4; 3; 7; 3; 11,,,,,
2026-10-11T15:00:00.000Z,Eliteserien,Aalesunds FK vs Sarpsborg 08,Aalesunds FK,Cards,2.2,0; 1; 0; 4; 2; 5; 4,,,,,
2026-10-11T15:00:00.000Z,Eliteserien,Aalesunds FK vs Sarpsborg 08,Sarpsborg 08,Cards,1.39,1; 3; 1; 1; 1; 0; 1,,,,,
2026-10-11T12:30:00.000Z,Eliteserien,Fredrikstad FK vs Tromsø IL,Fredrikstad FK,Corners,3.59,6; 4; 2; 3; 3; 6; 6,,,,,
2026-10-11T12:30:00.000Z,Eliteserien,Fredrikstad FK vs Tromsø IL,Tromsø IL,Corners,6.16,5; 4; 2; 5; 7; 4; 7,,,,,
2026-10-11T12:30:00.000Z,Eliteserien,Fredrikstad FK vs Tromsø IL,Fredrikstad FK,Cards,1.64,1; 1; 1; 3; 2; 1,,,,,
2026-10-11T12:30:00.000Z,Eliteserien,Fredrikstad FK vs Tromsø IL,Tromsø IL,Cards,1.76,1; 1; 2; 3; 3; 0,,,,,
2026-10-10T16:00:00.000Z,Eliteserien,Rosenborg BK vs Sandefjord Fotball,Rosenborg BK,Corners,6.34,12; 6; 9; 2; 6; 4; 6,,,,,
2026-10-10T16:00:00.000Z,Eliteserien,Rosenborg BK vs Sandefjord Fotball,Sandefjord Fotball,Corners,5.68,5; 5; 6; 5; 7; 2; 5,,,,,
2026-10-10T16:00:00.000Z,Eliteserien,Rosenborg BK vs Sandefjord Fotball,Rosenborg BK,Cards,1.99,3; 6; 1; 0; 2; 0,,,,,
2026-10-10T16:00:00.000Z,Eliteserien,Rosenborg BK vs Sandefjord Fotball,Sandefjord Fotball,Cards,2.39,0; 2; 4; 2; 5; 3; 2,,,,,
2026-10-10T14:00:00.000Z,Eliteserien,Bodø/Glimt vs Kristiansund BK,Bodø/Glimt,Corners,8.75,6; 10; 8; 12; 5; 10; 6,,,,,
2026-10-10T14:00:00.000Z,Eliteserien,Bodø/Glimt vs Kristiansund BK,Kristiansund BK,Corners,3.4,3; 1; 10; 4; 4; 5; 4,,,,,
2026-10-10T14:00:00.000Z,Eliteserien,Bodø/Glimt vs Kristiansund BK,Bodø/Glimt,Cards,0.99,1; 0; 0; 1; 1; 0; 1,,,,,
2026-10-10T14:00:00.000Z,Eliteserien,Bodø/Glimt vs Kristiansund BK,Kristiansund BK,Cards,1.59,1; 2; 3; 1; 1; 1; 1,,,,,
2026-10-09T17:00:00.000Z,Eliteserien,SK Brann vs Viking FK,SK Brann,Corners,7.64,10; 5; 10; 3; 12; 7; 3,,,,,
2026-10-09T17:00:00.000Z,Eliteserien,SK Brann vs Viking FK,Viking FK,Corners,7.53,5; 11; 6; 14; 5; 7; 7,,,,,
2026-10-09T17:00:00.000Z,Eliteserien,SK Brann vs Viking FK,SK Brann,Cards,1.69,0; 2; 1; 3; 1; 3; 1,,,,,
2026-10-09T17:00:00.000Z,Eliteserien,SK Brann vs Viking FK,Viking FK,Cards,1.52,3; 2; 1; 1; 0; 1,,,,,
